Категория,Тезис,Группа,Тип,Метрика,Описание,Методика расчёта,Эталон,Трактовка отклонения,Источник,Источник трактовки
1. Стратегия и управление,Показывают управляемость ИТ и связь с целями бизнеса.,1. Управленческая нагрузка,Финансовый,Административные затраты PMO,"Лимит на управленческие и административные расходы (не разработка, не инфраструктура) в проекте. Это максимально допустимое значение.",Административные расходы проекта / Общий бюджет проекта × 100%,≤10% бюджета проекта,Рост выше эталона означает неэффективность и требует финансового аудита.,UK Gov Admin Costs Guidance,UK Gov Admin Costs Guidance
1. Стратегия и управление,Показывают управляемость ИТ и связь с целями бизнеса.,1. Управленческая нагрузка,Операционный,Доля времени команды на администрирование,"Процент рабочего времени ИТ-команды, уходящий на согласования, отчёты и документирование вместо разработки или эксплуатации.",Часы на адм. задачи / Общий фонд рабочего времени × 100%,<30%,проблемная зона: >40%,PMO / IPM 2025,PMO / IPM 2025
1. Стратегия и управление,Показывают управляемость ИТ и связь с целями бизнеса.,1. Управленческая нагрузка,Финансовый,Доля расходов на управление в бюджете проекта,"Доля затрат на управление проектом (PMO, руководители, отчётность) в общем бюджете проекта.",Затраты на управление проектом / Общий бюджет проекта × 100%,6–10% (max 15% для сложных),Превышение 15% требует обоснования.,PMI / Kerzner 2022,PMI / Kerzner 2022
1. Стратегия и управление,Показывают управляемость ИТ и связь с целями бизнеса.,1. Управленческая нагрузка,Операционный,Доля руководителей в ИТ-персонале,Процент менеджеров и руководителей от общей численности ИТ-команды.,Число руководителей / Общая численность ИТ-персонала × 100%,8–12%,Высокий показатель сигнализирует о бюрократизации структуры.,MSH Talent 2026,MSH Talent 2026
1. Стратегия и управление,Показывают управляемость ИТ и связь с целями бизнеса.,1. Управленческая нагрузка,Операционный,Норма управляемости,Среднее число прямых подчинённых на одного руководителя.,Общая численность ИТ-персонала / Число руководителей,5–10 подчинённых на 1 менеджера,Узкий охват (<5) = избыток менеджеров; широкий (>12) = перегрузка и потеря контроля.,Общая практика управления,Общая практика управления
1. Стратегия и управление,Показывают управляемость ИТ и связь с целями бизнеса.,11. ИТ-ROI и ценность инвестиций,Финансовый,Время до первого результата,Срок от запуска ИТ-проекта до получения первого измеримого бизнес-результата.,Дата первого зафиксированного бизнес-результата − Дата старта проекта,<6 мес. (операционные проекты); <12 мес. (трансформационные),"Срок от запуска ИТ-проекта до получения первого измеримого бизнес-результата (экономия, рост выручки, снижение рисков). целевой: <6 мес. для операционных изменений",DaydreamSoft 2025,DaydreamSoft 2025
1. Стратегия и управление,Показывают управляемость ИТ и связь с целями бизнеса.,11. ИТ-ROI и ценность инвестиций,Финансовый,Рентабельность ИТ-инвестиций (ROI),Отношение полученной финансовой выгоды от ИТ к затратам. Ключевой показатель обоснования ИТ-бюджета перед бизнесом.,(Выгоды от ИТ − Затраты на ИТ) / Затраты на ИТ × 100%,ITFM Forrester TEI: ROI 270% за 3 года,Отклонение от эталона требует анализа и корректирующих мер.,DaydreamSoft 2025,DaydreamSoft 2025
1. Стратегия и управление,Показывают управляемость ИТ и связь с целями бизнеса.,11. ИТ-ROI и ценность инвестиций,Финансовый,Степень реализации запланированных выгод,"Процент запланированных при старте проекта бизнес-выгод, фактически достигнутых через 6–12 месяцев после внедрения.",Фактически реализованные выгоды / Запланированные выгоды × 100%,>80%,целевой: >80% выгод реализовано. целевой: >80% выгод реализовано,DaydreamSoft / PMI 2025 (рынок: 60–70% проектов не проходят ревью),DaydreamSoft / PMI 2025
1. Стратегия и управление,Показывают управляемость ИТ и связь с целями бизнеса.,11. ИТ-ROI и ценность инвестиций,Финансовый,Ценность снижения риска,Денежная оценка предотвращённых потерь от ИТ-рисков благодаря инвестициям.,Потенциальные потери × Вероятность риска × Коэффициент снижения вероятности после инвестиции,Обосновывается индивидуально,"Денежная оценка предотвращённых потерь от ИТ-рисков (инциденты, простои, нарушения безопасности) благодаря ИТ-инвестициям.",DaydreamSoft 2025,DaydreamSoft 2025
1. Стратегия и управление,Показывают управляемость ИТ и связь с целями бизнеса.,11. ИТ-ROI и ценность инвестиций,Финансовый,Экономия от автоматизации,Измеряется в абсолютных единицах и в % от базовых затрат.,Базовые затраты на процесс − Затраты после автоматизации = Экономия; Экономия / Базовые затраты × 100%,20–60%,Снижение операционных затрат за счёт автоматизации ручных ИТ-процессов,DaydreamSoft 2025 (типичный диапазон по процессу),DaydreamSoft 2025
1. Стратегия и управление,Показывают управляемость ИТ и связь с целями бизнеса.,2. Соотношение ИТ-персонала,Операционный,Коэффициент инфраструктурного персонала,"Число пользователей на одного специалиста по инфраструктуре (серверы, сеть, хранилища).",Число пользователей / Число инфраструктурных специалистов,1:125,Выход за границы диапазона — сигнал дисбаланса ресурсов.,MSH Talent 2026,MSH Talent 2026
1. Стратегия и управление,Показывают управляемость ИТ и связь с целями бизнеса.,2. Соотношение ИТ-персонала,Операционный,Коэффициент разработчиков приложений,Число пользователей на одного разработчика приложений.,Число пользователей / Число разработчиков,1:250,Выход за границы диапазона — сигнал дисбаланса ресурсов.,MSH Talent 2026,MSH Talent 2026
1. Стратегия и управление,Показывают управляемость ИТ и связь с целями бизнеса.,2. Соотношение ИТ-персонала,Операционный,Коэффициент специалистов по безопасности,Число пользователей на одного специалиста по информационной безопасности.,Число пользователей / Число ИБ-специалистов,1:500,Выход за границы диапазона — сигнал дисбаланса ресурсов.,MSH Talent 2026,MSH Talent 2026
1. Стратегия и управление,Показывают управляемость ИТ и связь с целями бизнеса.,2. Соотношение ИТ-персонала,Операционный,Общий коэффициент ИТ-персонала,Число бизнес-пользователей на одного сотрудника ИТ в целом.,Общая численность сотрудников / Численность ИТ-персонала,1:25–1:40 ;  1:108 = критическая перегрузка,"Слишком высокий коэффициент = перегрузка, низкий = избыточный штат. целевой",NinjaOne 2026 / BetterCloud 2025,NinjaOne 2026 / BetterCloud 2025
1. Стратегия и управление,Показывают управляемость ИТ и связь с целями бизнеса.,2. Соотношение ИТ-персонала,Операционный,Соотношение сотрудников к специалистам поддержки,Число пользователей на одного сотрудника первой/второй линии поддержки.,Число пользователей / Число сотрудников поддержки,1:75,Выход за границы диапазона — сигнал дисбаланса ресурсов.,MSH Talent 2026,MSH Talent 2026
10. Цифровизация и автоматизация,Показывают масштаб и эффективность цифровой трансформации и автоматизации процессов.,24. Цифровизация и автоматизация процессов,Финансовый,ROI проектов цифровой трансформации,Совокупный возврат на инвестиции по портфелю проектов цифровизации.,(Совокупная ценность реализованных инициатив − Затраты) / Затраты × 100%,≥150% за 3 года,Низкий или отрицательный ROI — признак слабого отбора инициатив или неэффективного управления.,ProductSchool / McKinsey 2025,ProductSchool 2025
10. Цифровизация и автоматизация,Показывают масштаб и эффективность цифровой трансформации и автоматизации процессов.,24. Цифровизация и автоматизация процессов,Операционный,Время вывода инициативы цифровизации,Среднее время от одобрения инициативы цифровизации до запуска первого работающего продукта.,Среднее (дата первого релиза − дата одобрения) по инициативам,≤6 месяцев,Длительный цикл >12 месяцев означает бюрократические барьеры и потерю актуальности.,ProductSchool 2025,ProductSchool 2025
10. Цифровизация и автоматизация,Показывают масштаб и эффективность цифровой трансформации и автоматизации процессов.,24. Цифровизация и автоматизация процессов,Финансовый,Высвобождение ресурсов от автоматизации (в эквиваленте ставок),Суммарное высвобождение ресурсов (в эквиваленте ставок) за счёт автоматизации рутинных задач.,(Сэкономленные человеко-часы / Годовой фонд рабочего времени 1 FTE),По плану окупаемости проекта,Недостижение плановых показателей FTE-экономии — сигнал о неполной автоматизации.,Blueprint 2023,Blueprint 2023
10. Цифровизация и автоматизация,Показывают масштаб и эффективность цифровой трансформации и автоматизации процессов.,24. Цифровизация и автоматизация процессов,Операционный,Доля автоматизированных бизнес-процессов,"Процент бизнес-процессов, переведённых на автоматическое исполнение с минимальным ручным участием.",(Автоматизированные процессы / Все бизнес-процессы) × 100%,≥50%,Низкая доля <30% указывает на отставание цифровой трансформации от рыночного уровня.,ProductSchool 2025,ProductSchool 2025
10. Цифровизация и автоматизация,Показывают масштаб и эффективность цифровой трансформации и автоматизации процессов.,24. Цифровизация и автоматизация процессов,Операционный,Индекс цифровой зрелости,"Комплексная оценка уровня цифровизации организации по ключевым измерениям (технологии, процессы, данные, культура).","Взвешенная оценка по модели цифровой зрелости (например, Gartner Digital Maturity Model)",≥3 из 5 (управляемый уровень),Зрелость ниже 3 означает фрагментированность инициатив без системного подхода.,ProductSchool / McKinsey 2025,ProductSchool 2025
10. Цифровизация и автоматизация,Показывают масштаб и эффективность цифровой трансформации и автоматизации процессов.,24. Цифровизация и автоматизация процессов,Операционный,Количество роботов/ботов в продуктивной эксплуатации,"Общее число активных роботов RPA и программных ботов, работающих в продуктивной среде.",Подсчёт активных роботов / ботов за период,Рост по плану цифровизации,Снижение числа или остановка роста — признак проблем с поддержкой или масштабированием.,Blueprint 2023,Blueprint 2023
10. Цифровизация и автоматизация,Показывают масштаб и эффективность цифровой трансформации и автоматизации процессов.,24. Цифровизация и автоматизация процессов,Операционный,Надёжность автоматизированных процессов,Доля успешных запусков автоматизированных процессов без ошибок и исключений.,(Успешные запуски / Все запуски) × 100%,≥95%,Низкая надёжность <90% требует ревизии процессов и обработки исключений.,Blueprint 2023,Blueprint 2023
10. Цифровизация и автоматизация,Показывают масштаб и эффективность цифровой трансформации и автоматизации процессов.,24. Цифровизация и автоматизация процессов,Операционный,Снижение времени выполнения процесса после автоматизации,Процент сокращения времени цикла выполнения процесса до и после внедрения автоматизации.,(Время до − Время после) / Время до × 100%,≥40%,Недостаточное снижение <20% указывает на неполную автоматизацию или сопротивление изменениям.,Blueprint / ProductSchool 2025,Blueprint 2023
10. Цифровизация и автоматизация,Показывают масштаб и эффективность цифровой трансформации и автоматизации процессов.,24. Цифровизация и автоматизация процессов,Финансовый,Стоимость одной автоматизированной транзакции,Удельная стоимость одного исполнения автоматизированного бизнес-процесса.,Полные затраты на автоматизацию процесса / Количество транзакций за период,Ниже стоимости ручного исполнения на ≥50%,Превышение стоимости ручного исполнения означает провал экономического обоснования автоматизации.,Blueprint 2023,Blueprint 2023
2. Финансы и оптимизация,Показывают стоимость ИТ и отдачу от вложений.,10. Вендорная и контрактная эффективность,Операционный,"Доля SLA, выполненных поставщиком","Процент SLA-показателей (доступность, время реакции, качество), фактически выполненных поставщиком за отчётный период.",Число выполненных SLA / Общее число SLA × 100%,≥99% для критичных сервисов,Снижение ниже эталона требует анализа причин и плана корректирующих мер.,Sirion.ai 2026,Sirion.ai 2026
2. Финансы и оптимизация,Показывают стоимость ИТ и отдачу от вложений.,10. Вендорная и контрактная эффективность,Финансовый,Отклонение фактических затрат от контрактных,Насколько реальные расходы отличаются от зафиксированных в контракте.,(Фактические затраты − Контрактная стоимость) / Контрактная стоимость × 100%,±5% — допустимо;  >10% — требует анализа,Превышение указывает на неправильное нормирование или расширение scope.,Sirion.ai 2026,Sirion.ai 2026
2. Финансы и оптимизация,Показывают стоимость ИТ и отдачу от вложений.,10. Вендорная и контрактная эффективность,Операционный,Соблюдение условий контракта,"Процент контрактных обязательств (SLA, сроки, качество), выполненных поставщиком в полном объёме и в срок.",Число выполненных контрактных обязательств / Общее число обязательств × 100%,≥95%,Отклонение от эталона требует анализа и корректирующих мер.,Sirion.ai 2026,Sirion.ai 2026
2. Финансы и оптимизация,Показывают стоимость ИТ и отдачу от вложений.,10. Вендорная и контрактная эффективность,Операционный,Срок подписания контракта,Время от инициации закупки до подписания контракта.,Среднее (дата подписания − дата инициации) по портфелю контрактов,≤30 дней,Длинный цикл = неэффективный процесс согласований. >60 дней = проблемная зона,Sirion.ai 2026,Sirion.ai 2026
2. Финансы и оптимизация,Показывают стоимость ИТ и отдачу от вложений.,10. Вендорная и контрактная эффективность,Финансовый,Экономия по контракту относительно базовой цены,Процент экономии по контракту относительно базовой рыночной цены.,(Базовая цена − Контрактная цена) / Базовая цена × 100%,>10% от прайса,"Снижение стоимости относительно рыночного прайса или предыдущего контракта, достигнутое в ходе переговоров или консолидации. целевой: >10% от прайса",Sirion.ai 2026,Sirion.ai 2026
2. Финансы и оптимизация,Показывают стоимость ИТ и отдачу от вложений.,3. Удельные затраты на ИТ,Финансовый,Доля административных расходов ИТ в операционных затратах,"Доля административных затрат ИТ (управление, закупки, финансы ИТ) в общих операционных расходах на ИТ.",Адм. затраты ИТ / Операционные расходы ИТ × 100%,10–15%,Снижение ниже эталона требует анализа причин и плана корректирующих мер.,APQC Benchmarking,APQC Benchmarking
2. Финансы и оптимизация,Показывают стоимость ИТ и отдачу от вложений.,3. Удельные затраты на ИТ,Финансовый,Накладные расходы ИТ на 1 000 ₽/$ выручки,Накладные расходы функции ИТ (включая амортизацию) на каждые 1 000 единиц выручки компании.,Накладные расходы ИТ / Выручка × 1 000,$10–$20 на $1000 выручки,Рост выше эталона означает неэффективность и требует финансового аудита.,APQC Benchmarking,APQC Benchmarking
2. Финансы и оптимизация,Показывают стоимость ИТ и отдачу от вложений.,3. Удельные затраты на ИТ,Финансовый,Стоимость обработки одного обращения в поддержку,"Полная себестоимость обработки одного тикета, включая труд, инструменты и накладные расходы, в зависимости от канала.",Общие затраты на поддержку / Число обращений за период,$22 (телефон) → $2–3 (self-service);  разница 7–11x,Рост выше эталона означает неэффективность и требует финансового аудита.,HDI / ThinkHDI 2021,HDI / ThinkHDI 2021
2. Финансы и оптимизация,Показывают стоимость ИТ и отдачу от вложений.,3. Удельные затраты на ИТ,Финансовый,Стоимость одной транзакции,Полные затраты на выполнение одной типовой ИТ-операции (транзакции). Базовый показатель для нормирования и сравнения с рынком.,Общие операционные затраты процесса / Число транзакций за период,$12–15 (обработка КЗ);  варьируется по операции,Рост выше эталона означает неэффективность и требует финансового аудита.,Hyperbots 2026,Hyperbots 2026
2. Финансы и оптимизация,Показывают стоимость ИТ и отдачу от вложений.,4. Структура ИТ-бюджета,Финансовый,Доля ПО и лицензий в ИТ-бюджете,"Доля расходов на программное обеспечение, SaaS и лицензии в ИТ-бюджете.",Затраты на ПО / ИТ-бюджет × 100%,20–25%,Снижение ниже эталона требует анализа причин и плана корректирующих мер.,Network Installers 2026,Network Installers 2026
2. Финансы и оптимизация,Показывают стоимость ИТ и отдачу от вложений.,4. Структура ИТ-бюджета,Финансовый,Доля информационной безопасности в ИТ-бюджете,Доля затрат на кибербезопасность в общем ИТ-бюджете.,Затраты на ИБ / ИТ-бюджет × 100%,10–15%,Снижение ниже эталона требует анализа причин и плана корректирующих мер.,Network Installers 2026,Network Installers 2026
2. Финансы и оптимизация,Показывают стоимость ИТ и отдачу от вложений.,4. Структура ИТ-бюджета,Финансовый,Доля облачных сервисов в ИТ-бюджете,"Доля затрат на IaaS, PaaS и облачные платформы в ИТ-бюджете.",Затраты на облако / ИТ-бюджет × 100%,15–20% (cloud-forward: 30–50%),Низкая доля в 2026 означает отставание от рынка.,Quadbridge 2025,Quadbridge 2025
2. Финансы и оптимизация,Показывают стоимость ИТ и отдачу от вложений.,4. Структура ИТ-бюджета,Финансовый,Доля оборудования и инфраструктуры в ИТ-бюджете,"Доля капитальных затрат на серверы, сетевое оборудование и рабочие места в ИТ-бюджете.",Затраты на оборудование / ИТ-бюджет × 100%,15–20%,Снижение ниже эталона требует анализа причин и плана корректирующих мер.,Network Installers 2026,Network Installers 2026
2. Финансы и оптимизация,Показывают стоимость ИТ и отдачу от вложений.,4. Структура ИТ-бюджета,Финансовый,Доля обучения в ИТ-бюджете,Доля затрат на обучение и развитие ИТ-персонала в общем ИТ-бюджете.,Затраты на обучение / ИТ-бюджет × 100%,3–5%,Снижение ниже эталона требует анализа причин и плана корректирующих мер.,Network Installers 2026,Network Installers 2026
2. Финансы и оптимизация,Показывают стоимость ИТ и отдачу от вложений.,4. Структура ИТ-бюджета,Финансовый,Доля персонала в ИТ-бюджете,"Доля затрат на ИТ-персонал (зарплата, страхование, подбор) в общем ИТ-бюджете.",Затраты на персонал / ИТ-бюджет × 100%,35–40%,>45% — риск избыточного штата,Network Installers 2026,Network Installers 2026
2. Финансы и оптимизация,Показывают стоимость ИТ и отдачу от вложений.,4. Структура ИТ-бюджета,Финансовый,ИТ-бюджет % от выручки,"Доля общих затрат на ИТ в выручке компании. Ключевой показатель для сравнения с отраслевыми нормами и выявления как недофинансирования, так и перерасхода.",Годовой ИТ-бюджет / Годовая выручка × 100%,"3,1% (среднее);  финансы: 7–10%;  производство: 1–3%",Отклонение от эталона требует анализа и корректирующих мер.,Gartner / Meriplex 2026,Gartner / Meriplex 2026
2. Финансы и оптимизация,Показывают стоимость ИТ и отдачу от вложений.,4. Структура ИТ-бюджета,Финансовый,Соотношение расходов на эксплуатацию и развитие ИТ,"Распределение ИТ-бюджета между поддержанием текущих систем (Run) и развитием, инновациями (Change). Чем выше доля Change — тем больше ИТ работает на рост.",Затраты Run / ИТ-бюджет × 100% и Затраты Change / ИТ-бюджет × 100%,Run 60–65% : Change 35–40% (целевое),проблемное: Run >80%,McKinsey / Umbrex,McKinsey / Umbrex
2. Финансы и оптимизация,Показывают стоимость ИТ и отдачу от вложений.,5. Использование лицензий и SaaS,Финансовый,Доля активно используемых лицензий,"Процент оплаченных лицензий, которые реально используются хотя бы раз в месяц.",Число активных пользователей / Число оплаченных лицензий × 100%,>80%,Низкий показатель — прямые финансовые потери. Проблема: 46% лицензий не используется целевой: >80%,Zylo / Torii 2026,Zylo / Torii 2026
2. Финансы и оптимизация,Показывают стоимость ИТ и отдачу от вложений.,5. Использование лицензий и SaaS,Финансовый,Доля избыточных лицензий в бюджете на ПО,"Доля бюджета на ПО, уходящая на лицензии сверх реального спроса. Включает неиспользуемые, завышенные тарифные планы и дублирующие инструменты.",Стоимость неиспользуемых/избыточных лицензий / Общие затраты на ПО × 100%,<10%,целевой: <10%,NPI Financial 2025 (рынок: ~30%),NPI Financial 2025
2. Финансы и оптимизация,Показывают стоимость ИТ и отдачу от вложений.,5. Использование лицензий и SaaS,Финансовый,Доля лицензий сверх пикового спроса,"Нормально иметь буфер, но сверх 10% — потери.",(Купленные лицензии − Пиковые активные пользователи) / Купленные лицензии × 100%,<10%,Превышение числа купленных лицензий над реальным пиковым потреблением,Torii 2026,Torii 2026
2. Финансы и оптимизация,Показывают стоимость ИТ и отдачу от вложений.,5. Использование лицензий и SaaS,Операционный,Покрытие инвентаризацией ПО,"Процент установленного ПО, охваченного системой инвентаризации и мониторинга.",(ПО в инвентаризации / Всё установленное ПО) × 100%,≥95%,Низкое покрытие <90% создаёт слепые зоны в управлении лицензиями и комплаенсе.,Nexthink 2024,Nexthink 2024
2. Финансы и оптимизация,Показывают стоимость ИТ и отдачу от вложений.,5. Использование лицензий и SaaS,Операционный,Число неконтролируемых приложений (теневые ИТ),"Число ИТ-приложений, используемых сотрудниками без согласования с ИТ.",Число приложений вне реестра ИТ / Общее число используемых приложений × 100%,0%,"Несут риск безопасности, дублирования и утечки данных.",Torii 2026,Torii 2026
2. Финансы и оптимизация,Показывают стоимость ИТ и отдачу от вложений.,5. Использование лицензий и SaaS,Финансовый,Экономия от оптимизации лицензий,"Абсолютная сумма и процент экономии, достигнутой за счёт оптимизации портфеля лицензий.",(Затраты до оптимизации − Затраты после) / Затраты до × 100%,15–25%,Типовая экономия при первой оптимизации составляет 20–30% от бюджета на ПО.,Siit 2024,Siit 2024
2. Финансы и оптимизация,Показывают стоимость ИТ и отдачу от вложений.,6. Избыточные расходы инфраструктуры,Операционный,Время выявления неэффективных ресурсов,Среднее время от появления idle/избыточного ресурса до его обнаружения командой FinOps или ИТ.,Среднее (дата обнаружения − дата появления idle-ресурса) по выборке,<7 дней,целевой: <7 дней,PR Newswire 2025 (рынок: 31 день),PR Newswire 2025
2. Финансы и оптимизация,Показывают стоимость ИТ и отдачу от вложений.,6. Избыточные расходы инфраструктуры,Операционный,Время пересмотра и корректировки параметров инфраструктуры,Среднее время от обнаружения overprovisioning до фактического изменения размера ресурса.,Среднее (дата rightsizing − дата выявления) по выборке,<5 дней,целевой: <5 дней (с автоматизацией),PR Newswire 2025 (рынок: 25 дней),PR Newswire 2025
2. Финансы и оптимизация,Показывают стоимость ИТ и отдачу от вложений.,6. Избыточные расходы инфраструктуры,Операционный,Доля избыточно выделенных VM,"Процент вычислительных ресурсов, у которых провизионированные ресурсы существенно превышают реальную нагрузку.",Число вычислительных ресурсов с утилизацией CPU/RAM <30% от провизиона / Общее число вычислительных ресурсов × 100%,<10%,целевой: <10%,ByteIota 2026 (рынок: 35–45%),ByteIota 2026
2. Финансы и оптимизация,Показывают стоимость ИТ и отдачу от вложений.,6. Избыточные расходы инфраструктуры,Финансовый,Доля непродуктивных сред в облачном бюджете,"Доля бюджета, уходящая на Dev/Test/Staging-среды, работающие 24/7 без бизнес-необходимости.",Затраты на непродуктивные среды / Общий облачный бюджет × 100%,4–8%,целевой: <3% (с автоматическим отключением по расписанию),ByteIota 2026,ByteIota 2026
2. Финансы и оптимизация,Показывают стоимость ИТ и отдачу от вложений.,6. Избыточные расходы инфраструктуры,Финансовый,Доля неэффективных облачных затрат,"Процент облачных расходов на ресурсы, не создающие ценности: простаивающие VM, избыточные резервации, осиротевшие хранилища.",Затраты на idle/избыточные ресурсы / Общий облачный бюджет × 100%,27–32% (устойчивый уровень с 2019 г.),целевой: <15%,Flexera / SpendArk 2026,Flexera / SpendArk 2026
2. Финансы и оптимизация,Показывают стоимость ИТ и отдачу от вложений.,6. Избыточные расходы инфраструктуры,Финансовый,Доля осиротевших хранилищ в облачном бюджете,"Доля расходов на облачные хранилища без владельца: снапшоты удалённых VM, неиспользуемые тома, устаревшие резервные копии.",Затраты на хранилища без активных владельцев / Общий облачный бюджет × 100%,3–6%,целевой: <1%,ByteIota 2026,ByteIota 2026
2. Финансы и оптимизация,Показывают стоимость ИТ и отдачу от вложений.,6. Избыточные расходы инфраструктуры,Операционный,Использование процессоров инфраструктуры,Фактическая использование CPU вычислительных ресурсов.,Среднее потреблённое время CPU / Провизионированный CPU × 100% (скользящее окно 14 дней),60–80%,"Медиана в облаке — 7–12%, что означает, что большинство VM сильно избыточны.",Harness 2025 (медиана по рынку: 7–12%),Harness 2025
3. Разработка и поставка,"Показывают, как быстро ИТ превращает идеи в работающий результат.",14. Архитектура,Операционный,Доля внеплановых развёртываний,"Доля развёртываний, выполненных как реакция на инциденты в продуктиве.",(Внеплановые развёртывания) / (Все развёртывания) × 100%,<10%,"Рост означает нестабильность, технический долг или слабый контроль качества релизов",DORA 2025,DORA 2025
3. Разработка и поставка,"Показывают, как быстро ИТ превращает идеи в работающий результат.",14. Архитектура,Операционный,Надёжность сервиса,Стабильность работы сервиса с точки зрения выполнения обязательств перед пользователем.,"Локальная метрика надёжности, привязанная к SLO/SLA",Целевой уровень задаётся через SLO для сервиса,Ниже целевого уровня — прямой индикатор архитектурного или эксплуатационного риска,GetDX / Nobl9 2025,GetDX / Nobl9 2025
3. Разработка и поставка,"Показывают, как быстро ИТ превращает идеи в работающий результат.",14. Архитектура,Операционный,Остаток допустимого уровня ошибок,Остаток допустимой ненадёжности в окне SLO.,1 − (Observed Error Rate / Allowed Error Rate),"Для 99.9% SLO budget = 0.1%, для 99.95% — 0.05%",Остаток < 25% — warning; < 10% — critical; исчерпание 30-дневного бюджета — повод блокировать релизы,Nobl9 / Google SRE,Nobl9 / Google SRE
3. Разработка и поставка,"Показывают, как быстро ИТ превращает идеи в работающий результат.",14. Архитектура,Операционный,Среднее время восстановления сервиса (MTTR),Среднее время восстановления после сбоя.,(Суммарный downtime) / (Число инцидентов),Recovery SLO задаётся по критичности сервиса,Увеличение MTTR — прямой сигнал проблем в incident response и восстановлении сервиса,Atlassian 2025,SecurityScorecard / Atlassian 2025
3. Разработка и поставка,"Показывают, как быстро ИТ превращает идеи в работающий результат.",14. Архитектура,Операционный,Частота развёртываний,Количество успешных релизов программного обеспечения в продуктивную среду за единицу времени. Ключевой показатель скорости доставки изменений в бизнес.,Количество deploy за день/неделю/месяц,DORA: on-demand — elite; от 1 раза в день до 1 раза в неделю — high; от 1 раза в неделю до 1 раза в месяц — medium; реже — low,Переход в более низкий диапазон указывает на delivery friction и архитектурные/процессные блокеры,DORA / Atlassian 2025,DORA / Atlassian 2025
3. Разработка и поставка,"Показывают, как быстро ИТ превращает идеи в работающий результат.",25. Прикладной ландшафт и технический долг,Финансовый,Доля бюджета на развитие vs. поддержку приложений,Соотношение затрат на развитие (новые функции) и поддержку (эксплуатацию) прикладного ландшафта.,Затраты на развитие / Затраты на поддержку × 100%,Развитие ≥40% от портфеля,Преобладание затрат на поддержку >70% говорит о технологическом застое.,McKinsey / Umbrex,McKinsey
3. Разработка и поставка,"Показывают, как быстро ИТ превращает идеи в работающий результат.",25. Прикладной ландшафт и технический долг,Операционный,"Доля дефектов, устранённых в срок","Доля обнаруженных дефектов приложений, исправленных в течение установленного SLA.","(Дефекты, исправленные в срок / Все дефекты) × 100%",≥90%,Накопление неисправленных дефектов ухудшает пользовательский опыт и продуктивность.,GetDX 2025,GetDX 2025
3. Разработка и поставка,"Показывают, как быстро ИТ превращает идеи в работающий результат.",25. Прикладной ландшафт и технический долг,Операционный,Доля устаревших систем в прикладном ландшафте,"Процент приложений и систем, признанных устаревшими: не поддерживаемых вендором или требующих замены.",(Устаревшие системы / Все системы в ландшафте) × 100%,<15%,Высокая доля >30% означает технологический долг и риски эксплуатации.,Zartis 2025 / WJARR 2025,Zartis 2025
3. Разработка и поставка,"Показывают, как быстро ИТ превращает идеи в работающий результат.",25. Прикладной ландшафт и технический долг,Операционный,Количество активных интеграций между системами,Число действующих интеграционных потоков между приложениями в прикладном ландшафте.,Инвентаризация интеграций (реестр),Рост контролируем; без нецелевых интеграций,Неконтролируемый рост интеграций увеличивает хрупкость ландшафта.,Zartis 2025,Zartis 2025
3. Разработка и поставка,"Показывают, как быстро ИТ превращает идеи в работающий результат.",25. Прикладной ландшафт и технический долг,Операционный,Покрытие кода автоматизированными тестами,"Процент строк кода, охваченных автоматизированными тестами.",(Строки кода под тестами / Все строки кода) × 100%,≥80%,Низкое покрытие <60% означает высокий риск регрессий при изменениях.,GetDX / PropelCode 2025,GetDX 2025
3. Разработка и поставка,"Показывают, как быстро ИТ превращает идеи в работающий результат.",25. Прикладной ландшафт и технический долг,Операционный,Среднее время жизни приложения до вывода из эксплуатации,Средний жизненный цикл приложения от ввода в эксплуатацию до списания.,Среднее (дата вывода − дата ввода) по выведенным приложениям,5–7 лет,Слишком длинный цикл >10 лет — признак накопления устаревших систем.,Zartis / WJARR 2025,Zartis 2025
3. Разработка и поставка,"Показывают, как быстро ИТ превращает идеи в работающий результат.",25. Прикладной ландшафт и технический долг,Финансовый,Стоимость устранения единицы технического долга,Средние затраты на устранение одного условного «балла» технического долга в кодовой базе.,Затраты на рефакторинг / Количество устранённых единиц технического долга,Снижение в динамике; $1 долга сейчас = $4–15 при отложенном исправлении,Рост стоимости устранения означает накопление и усложнение технического долга.,GetDX / Zartis 2025,GetDX 2025
3. Разработка и поставка,"Показывают, как быстро ИТ превращает идеи в работающий результат.",25. Прикладной ландшафт и технический долг,Финансовый,Уровень технического долга,Отношение усилий по устранению технического долга к полным усилиям на разработку.,Время на рефакторинг и исправление технического долга / Общее время разработки × 100%,<20%,"Превышение 45% означает, что большинство усилий уходит на поддержание, а не развитие.",GetDX / PropelCode 2025,GetDX 2025
3. Разработка и поставка,"Показывают, как быстро ИТ превращает идеи в работающий результат.",8. Скорость поставки (DORA),Операционный,Время выполнения заявок на изменение,Время от коммита кода до его деплоя в продуктив. Отражает эффективность CI/CD-конвейера и процессов согласования.,Среднее (дата деплоя − дата коммита) по выборке изменений,Elite: <1 часа;  High: <1 дня;  Low: >6 месяцев,Превышение эталона означает деградацию процесса или рост нагрузки.,DORA / Atlassian 2025,DORA / Atlassian 2025
3. Разработка и поставка,"Показывают, как быстро ИТ превращает идеи в работающий результат.",8. Скорость поставки (DORA),Операционный,"Доля изменений, вызвавших сбой","Процент деплоев, которые привели к инциденту, откату или требовали экстренного исправления в продуктивной среде.",Число сбойных деплоев / Общее число деплоев × 100%,Elite: 0–15%,проблемное: >30%,DORA / Atlassian 2025,DORA / Atlassian 2025
3. Разработка и поставка,"Показывают, как быстро ИТ превращает идеи в работающий результат.",8. Скорость поставки (DORA),Операционный,Среднее время восстановления после сбоя (MTTR),Среднее время от момента обнаружения инцидента до полного восстановления сервиса в продуктивной среде.,Суммарное время простоя / Число инцидентов за период,Elite: <1 часа;  High: <1 дня;  Low: >1 недели,Превышение эталона означает деградацию процесса или рост нагрузки.,DORA / Atlassian 2025,DORA / Atlassian 2025
3. Разработка и поставка,"Показывают, как быстро ИТ превращает идеи в работающий результат.",8. Скорость поставки (DORA),Операционный,Частота деплоев,Как часто команда выпускает изменения в продуктивную среду. Ключевой индикатор зрелости DevOps.,Число деплоев в продуктив / единица времени (день/неделя/месяц),Elite: несколько раз/день;  High: 1 раз/неделю;  Low: реже 1 раза/6 мес.,Отклонение от эталона требует анализа и корректирующих мер.,DORA / Atlassian 2025,DORA / Atlassian 2025
3. Разработка и поставка,"Показывают, как быстро ИТ превращает идеи в работающий результат.",9. Надёжность и доступность,Операционный,Доступность систем,"Процент времени, когда ИТ-система функционирует без перебоев. Рассчитывается за скользящий месяц/год.",(Общее время − Время простоя) / Общее время × 100%,"≥99,9% для критичных систем (≤8,7 ч простоя в год)",Отклонение от эталона требует анализа и корректирующих мер.,NinjaOne 2025,NinjaOne 2025
3. Разработка и поставка,"Показывают, как быстро ИТ превращает идеи в работающий результат.",9. Надёжность и доступность,Операционный,Среднее время между отказами (MTBF),Среднее время работы системы без сбоя. Чем больше — тем надёжнее система.,Суммарное время работы без сбоев / Число отказов за период,Динамика роста; индивидуально по системе,Превышение эталона означает деградацию процесса или рост нагрузки.,Giva 2022,Giva 2022
3. Разработка и поставка,"Показывают, как быстро ИТ превращает идеи в работающий результат.",9. Надёжность и доступность,Финансовый,Стоимость одной минуты простоя,Финансовые потери компании за каждую минуту недоступности критической ИТ-системы. Обосновывает инвестиции в отказоустойчивость.,Выручка / Рабочее время в год (минуты) × Коэффициент влияния простоя,В среднем $8 600/мин для предприятий,Рост выше эталона означает неэффективность и требует финансового аудита.,DataStackHub 2025,DataStackHub 2025
3. Разработка и поставка,"Показывают, как быстро ИТ превращает идеи в работающий результат.",9. Надёжность и доступность,Операционный,Число инцидентов в продуктивной среде,"Общее количество инцидентов, вызвавших деградацию или недоступность ИТ-сервисов, за отчётный период.",Подсчёт инцидентов P1/P2 за период (с разбивкой по severity),<1 P1 в месяц,Отклонение от эталона требует анализа и корректирующих мер.,NinjaOne 2025,NinjaOne 2025
4. Инфраструктура и эксплуатация,Показывают надёжность и эффективность технологической платформы.,15. Рабочие места,Операционный,Время входа в систему,Время входа пользователя в рабочую среду.,T_ready − T_login_start,≤30 сек,Рост относительно базовый уровень — ухудшение responsiveness рабочего места,ManageEngine / Desktop Central 2025,ManageEngine / Desktop Central 2025
4. Инфраструктура и эксплуатация,Показывают надёжность и эффективность технологической платформы.,15. Рабочие места,Операционный,Время загрузки рабочей станции,Время загрузки устройства до готовности к работе.,Среднее/median/p95 время загрузки,≤45 сек,Выше порога — заметная деградация пользовательского опыта и повод для remediation,ManageEngine 2025,ManageEngine 2025
4. Инфраструктура и эксплуатация,Показывают надёжность и эффективность технологической платформы.,15. Рабочие места,Операционный,Загрузка оперативной памяти,Процент используемой оперативной памяти от общего объёма на рабочей станции сотрудника.,"Среднее, медиана или p95 использования памяти за период",60–80%,"Устойчивый рост выше базового уровня указывает на риск замедления, зависаний и падений приложений",ManageEngine / Omnissa 2025,ManageEngine / Omnissa 2025
4. Инфраструктура и эксплуатация,Показывают надёжность и эффективность технологической платформы.,15. Рабочие места,Операционный,Загрузка процессора,Средняя загрузка процессора рабочей станции — индикатор производительности устройства.,"Среднее, медиана или p95 использования CPU за период",40–70%,Устойчивый рост выше базового уровня означает деградацию производительности и цифрового опыта,ManageEngine / Omnissa 2025,ManageEngine / Omnissa 2025
4. Инфраструктура и эксплуатация,Показывают надёжность и эффективность технологической платформы.,15. Рабочие места,Операционный,Заполнение диска,Процент использованного дискового пространства на конечном устройстве пользователя.,(Занятое место) / (Общий объём) × 100%,≤80%,"Выше порога — риск замедления, ошибок приложений и нехватки рабочего пространства",ManageEngine 2025,ManageEngine 2025
4. Инфраструктура и эксплуатация,Показывают надёжность и эффективность технологической платформы.,15. Рабочие места,Операционный,Интегральная оценка цифрового опыта сотрудника,Сводная оценка цифрового опыта пользователя.,Взвешенная сумма telemetry и user sentiment,Организационный baseline DEX score,Ниже базовый уровень — деградация цифрового опыта; выше базовый уровень — состояние в норме,ManageEngine 2025,ManageEngine 2025
4. Инфраструктура и эксплуатация,Показывают надёжность и эффективность технологической платформы.,15. Рабочие места,Операционный,Качество сетевого доступа,"Стабильность Wi‑Fi, VPN и отклика облачных/SaaS-сервисов.","Комбинированный индекс из потерь, задержки, доступности и времени отклика",Потери <0.1%; задержка ≤20 мс,"Ухудшение относительно базового уровня означает сетевое трение, влияющее на продуктивность",Omnissa 2025,Omnissa 2025
4. Инфраструктура и эксплуатация,Показывают надёжность и эффективность технологической платформы.,15. Рабочие места,Операционный,Нагрузка на поддержку / Доля самообслуживания,"Нагрузку на поддержку и долю обращений, закрытых без инженера.",Ticket volume; (самообслуживание resolved) / (All tickets) × 100%,≥50% запросов — самообслуживание,Рост ticket volume или снижение самообслуживание обычно означает рост цифрового трения в рабочих местах,Digital Workplace Group 2025,Digital Workplace Group 2025
4. Инфраструктура и эксплуатация,Показывают надёжность и эффективность технологической платформы.,15. Рабочие места,Операционный,Отклонение конфигурации от эталона,Отклонение конфигурации устройства от целевого стандарта.,(Устройства с отклонениями) / (Все устройства) × 100%,<10%,"Рост указывает на потерю управляемости, рост вариативности и сложности поддержки",Omnissa 2025,Omnissa 2025
4. Инфраструктура и эксплуатация,Показывают надёжность и эффективность технологической платформы.,15. Рабочие места,Операционный,Состояние аккумулятора устройства,Сохранность ёмкости и пригодность батареи к повседневной работе.,(Текущая ёмкость) / (Паспортная ёмкость) × 100% или vendor health score,≥80%,Снижение ниже порога означает рост мобильных инцидентов и ухудшение пользовательского опыта,Omnissa / ManageEngine 2025,Omnissa / ManageEngine 2025
4. Инфраструктура и эксплуатация,Показывают надёжность и эффективность технологической платформы.,15. Рабочие места,Операционный,Удовлетворённость пользователей качеством рабочего места,Субъективная оценка цифрового опыта сотрудниками.,"Средний балл опроса, индекс удовлетворённости или индекс тональности",≥4 из 5,"Снижение означает, что технически «нормальная» среда уже воспринимается пользователями как неудобная",ManageEngine 2025,ManageEngine 2025
4. Инфраструктура и эксплуатация,Показывают надёжность и эффективность технологической платформы.,15. Рабочие места,Операционный,Частота сбоев приложений,Частота падений приложений на устройстве/пуле.,"(Число crash) / (Устройство, пользователь или приложение, период)",<1 раз/день на устройство,Рост частоты падений означает проблему надёжности приложений и прямое влияние на продуктивность,ManageEngine / Desktop Central 2025,ManageEngine / Desktop Central 2025
4. Инфраструктура и эксплуатация,Показывают надёжность и эффективность технологической платформы.,26. Сетевая инфраструктура и телеком,Операционный,Вариативность задержки сети (джиттер),"Вариативность задержки пакетов, определяющая стабильность передачи голоса и видео.",Стандартное отклонение RTT по потоку,<30 мс,Высокий джиттер >50 мс критичен для VoIP и видеоконференций.,Mushroom Networks 2024,Mushroom Networks 2024
4. Инфраструктура и эксплуатация,Показывают надёжность и эффективность технологической платформы.,26. Сетевая инфраструктура и телеком,Операционный,Доступность сети,"Процент времени, когда сеть доступна и функционирует без перебоев.",(Время работы сети − Время простоя) / Время работы × 100%,≥99.9%,Снижение ниже порога — прямое влияние на работу всех ИТ-сервисов.,NetworkComputing 2024,NetworkComputing 2024
4. Инфраструктура и эксплуатация,Показывают надёжность и эффективность технологической платформы.,26. Сетевая инфраструктура и телеком,Операционный,Задержка передачи данных в сети,Среднее время прохождения пакета между двумя узлами сети (round-trip time).,Среднее RTT по ключевым маршрутам (мс),≤5 мс (LAN); ≤20 мс (WAN),Рост задержки сверх порога ухудшает работу приложений реального времени.,NetworkComputing 2024 / LinkedIn 2025,NetworkComputing 2024
4. Инфраструктура и эксплуатация,Показывают надёжность и эффективность технологической платформы.,26. Сетевая инфраструктура и телеком,Операционный,Использование полосы пропускания,Средняя загрузка пропускной способности ключевых сетевых каналов.,Фактический трафик / Номинальная пропускная способность × 100%,40–70%,Устойчивая нагрузка >85% создаёт риск деградации; <20% означает избыточные затраты.,SolarWinds / Mushroom Networks 2024,SolarWinds
4. Инфраструктура и эксплуатация,Показывают надёжность и эффективность технологической платформы.,26. Сетевая инфраструктура и телеком,Операционный,Охват сетевой инфраструктуры мониторингом,"Доля сетевых устройств и каналов, охваченных системой непрерывного мониторинга.",(Устройства под мониторингом / Все сетевые устройства) × 100%,≥99%,"Неохваченные устройства — слепые зоны, в которых инциденты могут остаться незамеченными.",Mushroom Networks 2024,Mushroom Networks 2024
4. Инфраструктура и эксплуатация,Показывают надёжность и эффективность технологической платформы.,26. Сетевая инфраструктура и телеком,Операционный,Потери пакетов в сети,"Доля сетевых пакетов, не достигших получателя, от общего числа отправленных.",(Потерянные пакеты / Отправленные пакеты) × 100%,<0.1%,Потери >1% приводят к видимой деградации качества приложений и коммуникаций.,NetworkComputing 2024 / Mushroom Networks 2024,NetworkComputing 2024
4. Инфраструктура и эксплуатация,Показывают надёжность и эффективность технологической платформы.,26. Сетевая инфраструктура и телеком,Операционный,Среднее время восстановления после сетевого сбоя (MTTR),Среднее время от обнаружения сетевого инцидента до полного восстановления связи.,Среднее (дата восстановления − дата обнаружения) по сетевым инцидентам,≤2 часа,Высокое MTTR увеличивает период недоступности зависимых сервисов.,NetworkComputing 2024,NetworkComputing 2024
4. Инфраструктура и эксплуатация,Показывают надёжность и эффективность технологической платформы.,26. Сетевая инфраструктура и телеком,Финансовый,Стоимость одного Мбит/с пропускной способности,Удельная стоимость сетевой пропускной способности с учётом всех затрат на телеком-инфраструктуру.,Затраты на телеком / Суммарная номинальная пропускная способность (Мбит/с),По benchmark рынка и географии,Высокая стоимость Мбит/с по сравнению с рыночными предложениями — повод для пересмотра контрактов.,FinModelsLab 2025,FinModelsLab 2025
4. Инфраструктура и эксплуатация,Показывают надёжность и эффективность технологической платформы.,7. Использование инфраструктуры,Операционный,Загрузка CPU серверов,Средняя фактическая загрузка процессора серверов.,Суммарное потреблённое время CPU / Суммарно провизионированный CPU × 100%,60–80%,"Нижняя граница — неэффективность закупок, верхняя — риск деградации.",Harness 2025 / SolarWinds,Harness 2025 / SolarWinds
4. Инфраструктура и эксплуатация,Показывают надёжность и эффективность технологической платформы.,7. Использование инфраструктуры,Операционный,Загрузка оперативной памяти серверов,Процент используемой оперативной памяти от общего объёма провизионированной RAM.,Используемая RAM / Провизионированная RAM × 100%,70–85%,Отклонение от эталона требует анализа и корректирующих мер.,SolarWinds,SolarWinds
4. Инфраструктура и эксплуатация,Показывают надёжность и эффективность технологической платформы.,7. Использование инфраструктуры,Операционный,Загрузка сетевых каналов,Средняя загрузка пропускной способности сети.,Фактический трафик / Номинальная пропускная способность × 100%,60–80%,Выше 85% — риск деградации; ниже 40% — избыточные каналы.,SolarWinds,SolarWinds
4. Инфраструктура и эксплуатация,Показывают надёжность и эффективность технологической платформы.,7. Использование инфраструктуры,Операционный,Использование хранилищ,Процент используемого дискового пространства.,Использованное пространство / Общий объём хранилищ × 100%,70–80% (с 20–30% буфером роста),Слишком высокий показатель — риск переполнения; слишком низкий — избыточные закупки.,Inventive HQ 2025,Inventive HQ 2025
4. Инфраструктура и эксплуатация,Показывают надёжность и эффективность технологической платформы.,7. Использование инфраструктуры,Финансовый,Стоимость одного ГБ хранилища,Удельная стоимость хранения одного гигабайта данных с учётом всех затрат на инфраструктуру хранения.,Полные затраты на хранилище / Общий объём в ГБ,По benchmark организации и классу хранилища,Рост стоимости без увеличения надёжности или скорости — сигнал неэффективности закупок.,Inventive HQ 2025,Inventive HQ 2025
4. Инфраструктура и эксплуатация,Показывают надёжность и эффективность технологической платформы.,7. Использование инфраструктуры,Финансовый,Стоимость одного вычислительного ядра,Удельная стоимость одного физического или виртуального вычислительного ядра с учётом полных затрат.,Полные затраты на вычислительную инфраструктуру / Количество ядер,По benchmark организации,Высокая стоимость ядра по сравнению с рынком — повод рассмотреть оптимизацию или облако.,Harness 2025,Harness 2025
5. Данные и ИИ,Показывают готовность данных и ИИ-инициатив к управлению и масштабированию.,12. ИИ,Операционный,Задержка ответа сервиса ИИ (95-й перцентиль),Время ответа сервиса ИИ для 95% запросов.,p95(T_ответа),Целевой порог задаётся через SLO по сценарию использования,Выше порога — деградация пользовательского опыта и риск ускоренного расходования бюджета ошибок,Nobl9 / Google SRE,Nobl9 / Google SRE
5. Данные и ИИ,Показывают готовность данных и ИИ-инициатив к управлению и масштабированию.,12. ИИ,Операционный,Использование GPU,"Доля оплаченного GPU-времени, занятого полезной нагрузкой.",(Активное GPU-время) / (Оплаченное GPU-время) × 100%,70–85%,Низкое значение — простой дорогого ресурса; слишком высокое устойчивое значение — риск дефицита ёмкости и деградации SLA,Cloudlatitude 2025,Cloudlatitude / CloudCostChefs 2025
5. Данные и ИИ,Показывают готовность данных и ИИ-инициатив к управлению и масштабированию.,12. ИИ,Операционный,Соблюдение SLO по задержки/доступности,"Доля запросов к сервису ИИ, выполненных в рамках целевых показателей задержки и доступности.",(Успешные запросы) / (Все запросы) × 100% или p95/p99 vs SLO,≥99.9%,"Скорость расходования > 1 означает, что бюджет ошибок выгорает быстрее допустимого; при > 3 обычно останавливают рискованные релизы",Nobl9 / Google SRE,Nobl9 / Google SRE
5. Данные и ИИ,Показывают готовность данных и ИИ-инициатив к управлению и масштабированию.,12. ИИ,Финансовый,Стоимость 1 млн токенов,Себестоимость токенов по входных/выходных.,(Затраты на токены) / 1 000 000,Целевой коридор по классу модели,"Рост без прироста качества обычно указывает на неверный выбор модели, разрастание промптов или слабый кэш/повторное использование",Cloudlatitude / CloudCostChefs 2025,Cloudlatitude / CloudCostChefs 2025
5. Данные и ИИ,Показывают готовность данных и ИИ-инициатив к управлению и масштабированию.,12. ИИ,Финансовый,Стоимость одного вывода-запроса,"Полная себестоимость одного ИИ-запроса, включая вычислений, хранение и накладные расходы.",(Затраты на модели + вычислений + storage + network) / Количество запросов,Целевой chargeback baseline,Выше базовый уровень — ухудшение юнит-экономика; ниже базовый уровень — эффект оптимизации или удешевления модели,Cloudlatitude / CloudCostChefs 2025,Cloudlatitude / CloudCostChefs 2025
5. Данные и ИИ,Показывают готовность данных и ИИ-инициатив к управлению и масштабированию.,12. ИИ,Операционный,Точность ответов модели,Доля корректных ответов на контрольной выборке или в продуктивной проверке.,(Корректные ответы) / (Все проверенные ответы) × 100%,≥90% на контрольной выборке,Ниже базового уровня — деградация качества модели или дрейф данных/промптов,Dev.to 2025,Dev.to 2025
5. Данные и ИИ,Показывают готовность данных и ИИ-инициатив к управлению и масштабированию.,12. ИИ,Финансовый,Точность прогноза ИИ-расходов,Насколько факт расходов совпадает с планом.,|(Факт − План) / План| × 100%,Абсолютная ошибка не должна выходить за 25%,Отклонение свыше 25% означает слабый финансовое управление и повышает риск давления на маржу,Mavvrik AI 2025,Mavvrik AI 2025
5. Данные и ИИ,Показывают готовность данных и ИИ-инициатив к управлению и масштабированию.,13. Данные,Операционный,Актуальность данных,Актуальность данных относительно источника.,T_now − T_last_update,Максимально допустимая задержка задаётся по источнику и процессу,Превышение порога означает устаревание данных и запаздывание решений/операций,Atlan 2025,Atlan 2025
5. Данные и ИИ,Показывают готовность данных и ИИ-инициатив к управлению и масштабированию.,13. Данные,Операционный,Время решения инцидентов качества данных,Скорость устранения инцидентов качества данных.,(Сумма времени решения) / (Число инцидентов),SLA data steward / data owner,Рост метрики означает слабую операционную дисциплину governance-процесса,ITGov-Docs 2025,ITGov-Docs 2025
5. Данные и ИИ,Показывают готовность данных и ИИ-инициатив к управлению и масштабированию.,13. Данные,Операционный,Доступность данных,"Возможность получить данные вовремя для процессов, аналитики и ИИ.",(Успешные обращения) / (Все обращения) × 100% или доля времени доступности,"Порог задаётся по SLA/SLO для витрины, API или набора данных","Снижение означает риск срыва отчётности, аналитики и автоматизированных процессов",Informatica / Atlan 2025,Informatica / Atlan 2025
5. Данные и ИИ,Показывают готовность данных и ИИ-инициатив к управлению и масштабированию.,13. Данные,Операционный,Интегральная оценка качества данных,"Взвешенный сводный балл по всем измерениям качества данных: полнота, точность, актуальность, уникальность, согласованность.","Взвешенная сумма accuracy, completeness, consistency, timeliness, validity, uniqueness",≥80 из 100,Ниже базовый уровень — падение доверия к данным и сигнал на remediation у data owner/steward,ITGov-Docs / Atlan 2025,ITGov-Docs / Atlan 2025
5. Данные и ИИ,Показывают готовность данных и ИИ-инициатив к управлению и масштабированию.,13. Данные,Операционный,Корректность формата данных,"Доля записей, соответствующих формату и правилам.",(Валидные записи) / (Все записи) × 100%,≥95%,"Рост невалидных записей указывает на проблемы ввода, интеграции или контроля правил",Atlan 2025,Atlan 2025
5. Данные и ИИ,Показывают готовность данных и ИИ-инициатив к управлению и масштабированию.,13. Данные,Операционный,Охват governed assets,"Доля критичных data assets, покрытых governance.",(Governed assets) / (Critical assets) × 100%,Целевой охват задаётся программой data governance,"Низкий охват означает слепые зоны в качестве, доступе и комплаенсе",Atlan 2025,Atlan 2025
5. Данные и ИИ,Показывают готовность данных и ИИ-инициатив к управлению и масштабированию.,13. Данные,Операционный,Полнота данных,"Доля обязательных полей данных, заполненных корректными значениями в контролируемом наборе.",(Заполненные обязательные поля) / (Все обязательные поля) × 100%,≥95%,"Ниже порога — риск ошибок в отчётности, процессах и аналитике",Atlan 2025,ITGov-Docs / Atlan 2025
5. Данные и ИИ,Показывают готовность данных и ИИ-инициатив к управлению и масштабированию.,13. Данные,Операционный,Согласованность данных,"Степень совпадения значений между системами, полями и версиями данных.",(Согласованные записи) / (Проверенные записи) × 100%,≥95%,"Снижение указывает на расхождения между источниками, правилами преобразования или мастер-данными",Atlan 2025,Atlan 2025
5. Данные и ИИ,Показывают готовность данных и ИИ-инициатив к управлению и масштабированию.,13. Данные,Операционный,Точность данных,Степень соответствия данных реальным значениям или доверенному источнику.,(Записи без ошибок) / (Проверенные записи) × 100%,≥95%,"Снижение означает рост ошибок в источнике, интеграции или ручном вводе",Dataversity / Actian 2025,Dataversity / Actian 2025
5. Данные и ИИ,Показывают готовность данных и ИИ-инициатив к управлению и масштабированию.,13. Данные,Операционный,Уникальность данных,"Процент дублирующихся записей в наборе данных, влияющих на достоверность отчётности и аналитики.",(Дублирующиеся записи) / (Все записи) × 100%,<5%,"Рост дублей обычно означает ошибки MDM, интеграции или дедупликации",Atlan 2025,Atlan 2025
6. Персонал и поддержка,"Показывают устойчивость, результативность и развитие ИТ-команды.",16. Персонал (HR),Операционный,Время выхода нового сотрудника на продуктивность,Среднее время от первого рабочего дня нового сотрудника до достижения полной продуктивности.,Дата достижения целевой продуктивности − Дата первого рабочего дня,60–90 дней,Длительный период >120 дней означает проблемы с онбордингом или обучением.,Peoplebox 2025,Peoplebox 2025
6. Персонал и поддержка,"Показывают устойчивость, результативность и развитие ИТ-команды.",16. Персонал (HR),Операционный,Время закрытия вакансии,Среднее количество дней от публикации вакансии до принятия оффера кандидатом.,Среднее (дата принятия оффера − дата публикации вакансии),30–45 дней,Длительный процесс >60 дней означает неэффективность найма или завышенные требования.,Peoplebox 2025,Peoplebox 2025
6. Персонал и поддержка,"Показывают устойчивость, результативность и развитие ИТ-команды.",16. Персонал (HR),Операционный,Индекс вовлечённости сотрудников ИТ,Интегральная оценка вовлеченности ИТ-персонала на основе опросов.,Средний балл по шкале удовлетворённости и вовлеченности,≥70%,Низкая вовлеченность <60% коррелирует с ростом текучести и снижением продуктивности.,Agile HR Analytics 2026,Agile HR Analytics 2026
6. Персонал и поддержка,"Показывают устойчивость, результативность и развитие ИТ-команды.",16. Персонал (HR),Финансовый,Стоимость найма одного ИТ-специалиста,"Полные затраты на найм одного ИТ-сотрудника, включая рекрутинг, собеседования и онбординг.",Общие затраты на рекрутинг / Количество нанятых сотрудников,$3000–$5000,Высокая стоимость может указывать на неэффективность процесса найма.,Peoplebox 2025,Peoplebox 2025
6. Персонал и поддержка,"Показывают устойчивость, результативность и развитие ИТ-команды.",16. Персонал (HR),Операционный,Текучесть кадров в ИТ,"Процент ИТ-сотрудников, покинувших организацию за год.",(Число уволившихся ИТ-специалистов / Средняя численность ИТ-персонала) × 100%,10–15%,"Высокая текучесть >20% сигнализирует о проблемах с мотивацией, культурой или условиями труда.",AIHR 2024,AIHR / Oakwood 2026
6. Персонал и поддержка,"Показывают устойчивость, результативность и развитие ИТ-команды.",16. Персонал (HR),Операционный,Удержание новых сотрудников в течение 90 дней,"Процент новых сотрудников, оставшихся в компании после первых 90 дней работы.","(Сотрудники, проработавшие >90 дней / Всего нанятых) × 100%",≥85%,Низкое удержание <75% указывает на проблемы с онбордингом или несоответствие ожиданий.,Oakwood 2026,Oakwood 2026
6. Персонал и поддержка,"Показывают устойчивость, результативность и развитие ИТ-команды.",17. Служба поддержки,Операционный,Время первого ответа на обращение,Среднее время от создания тикета до первого ответа специалиста поддержки.,Среднее (время первого ответа − время создания тикета),≤15 минут,Длительное время >30 минут ухудшает пользовательский опыт.,SysAid 2025,SysAid 2025
6. Персонал и поддержка,"Показывают устойчивость, результативность и развитие ИТ-команды.",17. Служба поддержки,Операционный,"Доля обращений, решённых с первого контакта","Процент тикетов, решённых при первом обращении без эскалации.","(Тикеты, решённые с первого обращения / Всего тикетов) × 100%",≥70%,Низкий показатель <60% указывает на недостаточную квалификацию первой линии.,FinModelsLab 2025,FinModelsLab 2025
6. Персонал и поддержка,"Показывают устойчивость, результативность и развитие ИТ-команды.",17. Служба поддержки,Операционный,Доля повторно открытых обращений,"Процент тикетов, открытых повторно после закрытия из-за неполного решения проблемы.",(Повторно открытые тикеты / Всего закрытых тикетов) × 100%,≤5%,Высокий процент >10% указывает на низкое качество решения инцидентов.,SMC Consulting 2025,SMC Consulting 2025
6. Персонал и поддержка,"Показывают устойчивость, результативность и развитие ИТ-команды.",17. Служба поддержки,Операционный,Доля эскалированных обращений,"Процент тикетов, переданных на более высокий уровень поддержки.",(Эскалированные тикеты / Всего тикетов) × 100%,≤15%,Высокая эскалация >25% означает слабую подготовку первой линии или сложность инцидентов.,PTS USA 2025,PTS USA 2025
6. Персонал и поддержка,"Показывают устойчивость, результативность и развитие ИТ-команды.",17. Служба поддержки,Операционный,Загруженность специалистов поддержки,"Процент рабочего времени специалистов, затраченного на решение тикетов.",(Время работы над тикетами / Общее рабочее время) × 100%,70–85%,Низкая утилизация <60% означает избыток ресурсов; >90% — риск выгорания.,FinModelsLab 2025,FinModelsLab 2025
6. Персонал и поддержка,"Показывают устойчивость, результативность и развитие ИТ-команды.",17. Служба поддержки,Финансовый,Стоимость обработки одного обращения,Полная себестоимость обработки одного обращения в поддержку.,Общие затраты на поддержку / Количество обработанных тикетов,$15–$25,Высокая стоимость >$30 означает неэффективность процесса поддержки.,PTS USA 2025,PTS USA 2025
6. Персонал и поддержка,"Показывают устойчивость, результативность и развитие ИТ-команды.",18. Проектное управление,Операционный,Доля дефектов в поставке,"Количество дефектов, обнаруженных после поставки, относительно объёма работ.",(Количество дефектов после релиза / Объём поставки) × 100%,<2%,Высокая доля >5% указывает на недостаточное тестирование или низкое качество разработки.,SoftwareFinder 2025,SoftwareFinder 2025
6. Персонал и поддержка,"Показывают устойчивость, результативность и развитие ИТ-команды.",18. Проектное управление,Операционный,"Доля проектов, завершённых в срок","Процент ИТ-проектов, завершённых в установленный срок без задержек.",(Проекты в срок / Всего проектов) × 100%,≥80%,Низкий показатель <70% указывает на проблемы планирования или управления рисками.,ProProfs 2025,ProProfs 2025
6. Персонал и поддержка,"Показывают устойчивость, результативность и развитие ИТ-команды.",18. Проектное управление,Операционный,Использование проектных ресурсов,"Процент времени проектных ресурсов, фактически используемого в проектах.",(Время работы в проектах / Доступное время ресурсов) × 100%,75–85%,Низкая утилизация <70% — неэффективное распределение; >90% — риск перегрузки.,SoftwareFinder 2025,SoftwareFinder 2025
6. Персонал и поддержка,"Показывают устойчивость, результативность и развитие ИТ-команды.",18. Проектное управление,Финансовый,Отклонение фактических расходов от бюджета проекта,Процентное отклонение фактических затрат проекта от запланированного бюджета.,|(Факт − План) / План| × 100%,≤10%,Превышение >15% требует пересмотра оценки или контроля изменений.,SoftwareFinder 2025,SoftwareFinder 2025
7. Информационная безопасность,"Показывают баланс между защитой, риском и скоростью изменений.",19. Информационная безопасность,Финансовый,Доля бюджета ИБ в ИТ-бюджете,"Процент общего ИТ-бюджета, направляемого на обеспечение информационной безопасности.",Бюджет ИБ / Общий ИТ-бюджет × 100%,10–15%,Доля <8% означает недофинансирование ИБ; >20% без роста зрелости — неэффективное расходование.,KPI Depot 2026,KPI Depot 2026
7. Информационная безопасность,"Показывают баланс между защитой, риском и скоростью изменений.",19. Информационная безопасность,Операционный,Доля переходов по фишинговым ссылкам,"Доля сотрудников, перешедших по ссылкам в симулированных фишинговых атаках.",(Кликнувшие сотрудники / Получившие письмо) × 100%,<5%,"Высокий показатель >15% — недостаточная осведомлённость сотрудников, риск реальной атаки.",Strobes / SecurityBoulevard 2025,SecurityBoulevard 2025
7. Информационная безопасность,"Показывают баланс между защитой, риском и скоростью изменений.",19. Информационная безопасность,Операционный,Доля устранённых критичных уязвимостей в срок,"Процент критичных уязвимостей, устранённых в течение установленного регламентом срока.",(Закрытые вовремя критичные уязвимости / Все критичные уязвимости) × 100%,≥95%,Низкий показатель <80% — прямой риск эксплуатации уязвимостей атакующими.,KPI Depot 2026,KPI Depot 2026
7. Информационная безопасность,"Показывают баланс между защитой, риском и скоростью изменений.",19. Информационная безопасность,Операционный,Количество инцидентов ИБ за период,Общее число зафиксированных инцидентов информационной безопасности за отчётный период.,Подсчёт инцидентов с разбивкой по критичности (P1–P4),<1 P1 в месяц; тренд снижения,Рост числа инцидентов — сигнал об ухудшении защищённости или расширении векторов атак.,SecurityScorecard 2026,SecurityScorecard 2026
7. Информационная безопасность,"Показывают баланс между защитой, риском и скоростью изменений.",19. Информационная безопасность,Операционный,Охват активов защитными средствами,"Доля ИТ-активов, охваченных средствами защиты: антивирус, EDR, мониторинг.",(Активы под защитой / Все активы) × 100%,≥99%,"Незащищённые активы — слепые зоны, в которых атаки остаются незамеченными.",UpGuard / KPI Depot 2026,UpGuard 2026
7. Информационная безопасность,"Показывают баланс между защитой, риском и скоростью изменений.",19. Информационная безопасность,Операционный,"Процент сотрудников, прошедших обучение по ИБ","Доля сотрудников, прошедших обязательное обучение по информационной безопасности в отчётном периоде.",(Прошедшие обучение / Все сотрудники) × 100%,≥95%,Низкий охват <85% увеличивает риск социальной инженерии и фишинга.,KPI Depot 2026,KPI Depot 2026
7. Информационная безопасность,"Показывают баланс между защитой, риском и скоростью изменений.",19. Информационная безопасность,Операционный,Результат прохождения внешних аудитов безопасности,"Количество критичных несоответствий, выявленных при внешнем аудите ИБ.",Число критичных находок на аудит,0 критичных несоответствий,Наличие критичных несоответствий — прямой сигнал регуляторного и операционного риска.,Armorpoint 2025,Armorpoint 2025
7. Информационная безопасность,"Показывают баланс между защитой, риском и скоростью изменений.",19. Информационная безопасность,Операционный,Среднее время обнаружения инцидента (MTTD),Среднее время от момента возникновения угрозы или инцидента безопасности до его обнаружения.,Среднее (дата обнаружения − дата возникновения) по инцидентам за период,≤24 часа,Превышение >72 часов означает слабый мониторинг и высокий риск ущерба.,SentinelOne / UpGuard 2026,SentinelOne 2026
7. Информационная безопасность,"Показывают баланс между защитой, риском и скоростью изменений.",19. Информационная безопасность,Операционный,Среднее время реагирования на инцидент безопасности (MTTR),Среднее время от момента обнаружения инцидента ИБ до его полного устранения.,Среднее (дата устранения − дата обнаружения) по инцидентам ИБ,≤4 часа для критичных,Рост времени реагирования означает слабость процессов incident response.,SecurityScorecard 2026,SecurityScorecard 2026
7. Информационная безопасность,"Показывают баланс между защитой, риском и скоростью изменений.",19. Информационная безопасность,Операционный,Среднее время устранения уязвимости,"Среднее время от обнаружения уязвимости до её устранения (патч, компенсирующая мера).",Среднее (дата закрытия − дата обнаружения) по уязвимостям за период,Критичные: ≤7 дней; высокие: ≤30 дней; средние: ≤90 дней,Превышение нормативов SLA по уязвимостям увеличивает окно риска.,Strobes / SecurityBoulevard 2025,Strobes 2025
7. Информационная безопасность,"Показывают баланс между защитой, риском и скоростью изменений.",19. Информационная безопасность,Финансовый,Стоимость предотвращённого ущерба от ИБ-инцидентов,"Оценка финансовых потерь, предотвращённых благодаря средствам и процессам ИБ за отчётный период.",Потенциальный ущерб × Вероятность × Коэффициент снижения риска,Превышает годовой бюджет ИБ,Если стоимость предотвращённого ущерба < бюджета ИБ — необходим пересмотр приоритетов защиты.,Armorpoint 2025,Armorpoint 2025
7. Информационная безопасность,"Показывают баланс между защитой, риском и скоростью изменений.",19. Информационная безопасность,Финансовый,Стоимость утечки данных,"Оценка финансового ущерба от одного инцидента утечки данных, включая штрафы, ущерб репутации и расходы на ликвидацию.",Прямые потери + Штрафы + Стоимость реагирования + Репутационный ущерб,"В среднем $4,88 млн (IBM 2024)",Рост стоимости утечки — индикатор неэффективности превентивных мер безопасности.,IBM Cost of a Data Breach 2024,IBM 2024
7. Информационная безопасность,"Показывают баланс между защитой, риском и скоростью изменений.",19. Информационная безопасность,Операционный,Уровень соответствия политикам безопасности,"Процент ИТ-активов, систем и процессов, соответствующих внутренним политикам безопасности.",(Соответствующие политике объекты / Все объекты) × 100%,≥95%,Отклонение ниже 90% — сигнал несоблюдения требований и риск регуляторных санкций.,KPI Depot 2026,KPI Depot 2026
7. Информационная безопасность,"Показывают баланс между защитой, риском и скоростью изменений.",20. Непрерывность бизнеса и восстановление (BCP/DR),Операционный,Актуальность плана обеспечения непрерывности,Дата последнего пересмотра плана обеспечения непрерывности бизнеса.,Дата последнего пересмотра BCP,Не реже 1 раза в год,Устаревший план BCP не отражает изменения в архитектуре и процессах.,TrustCloud 2025,TrustCloud 2025
7. Информационная безопасность,"Показывают баланс между защитой, риском и скоростью изменений.",20. Непрерывность бизнеса и восстановление (BCP/DR),Операционный,Покрытие резервным копированием,"Доля критичных данных и систем, охваченных регулярным резервным копированием.",(Системы с актуальной резервной копией / Критичные системы) × 100%,100%,Любое значение <100% для критичных систем — неприемлемый риск потери данных.,TrustCloud 2025,TrustCloud 2025
7. Информационная безопасность,"Показывают баланс между защитой, риском и скоростью изменений.",20. Непрерывность бизнеса и восстановление (BCP/DR),Операционный,Успешность проверки резервных копий,"Доля резервных копий, успешно восстановленных при тестовой проверке.",(Успешно восстановленные копии / Протестированные копии) × 100%,≥99%,"Низкий показатель означает, что резервные копии могут быть непригодны при реальном сбое.",TrustCloud 2025,TrustCloud 2025
7. Информационная безопасность,"Показывают баланс между защитой, риском и скоростью изменений.",20. Непрерывность бизнеса и восстановление (BCP/DR),Операционный,Целевая точка восстановления данных (RPO),"Максимально допустимый объём потерянных данных при восстановлении после сбоя, выраженный во времени.",Задаётся при BIA; мониторинг: возраст последней успешной резервной копии vs. RPO,Критичные системы: ≤1 час; базовые: ≤24 часа,Превышение RPO означает потерю данных сверх допустимого уровня.,TrustCloud 2025,TrustCloud 2025
7. Информационная безопасность,"Показывают баланс между защитой, риском и скоростью изменений.",20. Непрерывность бизнеса и восстановление (BCP/DR),Операционный,Целевое время восстановления сервиса (RTO),Максимально допустимое время простоя системы — от момента инцидента до полного восстановления.,Задаётся для каждой системы при BIA; мониторинг: фактическое время восстановления vs. RTO,Критичные системы: ≤4 часа; базовые: ≤24 часа,Превышение RTO означает нарушение обязательств перед бизнесом и потенциальный регуляторный риск.,TrustCloud 2025,TrustCloud 2025
7. Информационная безопасность,"Показывают баланс между защитой, риском и скоростью изменений.",20. Непрерывность бизнеса и восстановление (BCP/DR),Операционный,Частота проведения учений по восстановлению после сбоев,Количество плановых учений по проверке планов восстановления после катастроф в год.,Количество DR-учений за год,≥1 раза в год для каждой критичной системы,"Отсутствие учений означает, что план DR не проверен и может не сработать при реальном инциденте.",TrustCloud / LinkedIn 2025,TrustCloud 2025
7. Информационная безопасность,"Показывают баланс между защитой, риском и скоростью изменений.",27. Соответствие требованиям (Compliance),Операционный,Доля устранённых нарушений в срок,"Процент выявленных нарушений соответствия, устранённых в установленные сроки.",(Устранённые в срок нарушения / Все нарушения) × 100%,≥95%,Накопление неустранённых нарушений создаёт системный регуляторный риск.,Gov.capital 2025,Fortifai 2026
7. Информационная безопасность,"Показывают баланс между защитой, риском и скоростью изменений.",27. Соответствие требованиям (Compliance),Операционный,Оценка готовности к аудиту,Комплексная оценка готовности организации к внешнему или внутреннему аудиту по ключевым требованиям.,Взвешенная оценка выполнения контрольных требований перед аудитом (0–100),≥85,Значение <75 означает высокий риск выявления критичных несоответствий при аудите.,Strobes / SecurityBoulevard 2025,Strobes 2025
7. Информационная безопасность,"Показывают баланс между защитой, риском и скоростью изменений.",27. Соответствие требованиям (Compliance),Операционный,"Процент устройств, соответствующих стандартам конфигурации","Доля ИТ-устройств, конфигурация которых соответствует установленным стандартам безопасности.",(Устройства в соответствии / Все управляемые устройства) × 100%,≥95%,Несоответствие конфигураций — частая причина уязвимостей и нарушений требований.,Tability 2024,Tability 2024
7. Информационная безопасность,"Показывают баланс между защитой, риском и скоростью изменений.",27. Соответствие требованиям (Compliance),Операционный,Среднее время обнаружения нарушений соответствия требованиям,Среднее время от момента возникновения нарушения соответствия до его обнаружения.,Среднее (дата обнаружения − дата возникновения) по нарушениям,≤7 дней,Длительное MTTD >30 дней увеличивает период неконтролируемого риска.,Fortifai 2026,Fortifai 2026
7. Информационная безопасность,"Показывают баланс между защитой, риском и скоростью изменений.",27. Соответствие требованиям (Compliance),Операционный,Уровень соответствия нормативным требованиям,"Общий процент применимых нормативных и регуляторных требований, выполненных организацией.",(Выполненные требования / Все применимые требования) × 100%,≥95%,"Значение <90% — прямой риск штрафов, санкций и приостановки деятельности.",Fortifai 2026,Fortifai 2026
8. Управление ИТ-сервисами (ITSM),Показывают качество ИТ-сервисов и скорость реакции на потребности бизнеса.,21. ITSM и сервисный каталог,Операционный,Время публикации нового сервиса в каталоге,Среднее время от принятия решения о создании сервиса до его публикации в каталоге.,Среднее (дата публикации − дата инициирования),≤10 рабочих дней,Длительное время >20 дней указывает на бюрократические барьеры в управлении каталогом.,Giva 2025,Giva 2025
8. Управление ИТ-сервисами (ITSM),Показывают качество ИТ-сервисов и скорость реакции на потребности бизнеса.,21. ITSM и сервисный каталог,Операционный,Зрелость ITSM-процессов,Интегральная оценка зрелости ИТ-процессов управления сервисами по модели CMMI или аналогичной.,Оценка по шкале зрелости (1–5) по результатам аудита ITSM-процессов,≥3 (управляемый),Зрелость ниже 3 означает нестандартизированные процессы и высокую вариативность результатов.,Giva / Atlassian 2025,Giva 2025
8. Управление ИТ-сервисами (ITSM),Показывают качество ИТ-сервисов и скорость реакции на потребности бизнеса.,21. ITSM и сервисный каталог,Операционный,Охват сервисного каталога,"Доля ИТ-сервисов организации, описанных и опубликованных в официальном сервисном каталоге.",(Сервисы в каталоге / Все известные ИТ-сервисы) × 100%,≥90%,Низкий охват означает непрозрачность портфеля сервисов и сложности в управлении.,Atlassian / Giva 2025,Atlassian 2025
8. Управление ИТ-сервисами (ITSM),Показывают качество ИТ-сервисов и скорость реакции на потребности бизнеса.,21. ITSM и сервисный каталог,Операционный,Соответствие SLA по сервисному каталогу,"Доля SLA по сервисам из каталога, выполненных в установленный срок за отчётный период.",(Выполненные SLA / Все SLA) × 100%,≥95%,Нарушение SLA снижает доверие бизнеса к ИТ и ведёт к штрафным санкциям.,Atlassian / Elements Apps 2025,Atlassian 2025
8. Управление ИТ-сервисами (ITSM),Показывают качество ИТ-сервисов и скорость реакции на потребности бизнеса.,21. ITSM и сервисный каталог,Операционный,Среднее время выполнения запроса на обслуживание,Среднее время от подачи запроса пользователя до его полного выполнения.,Среднее (дата закрытия − дата создания) по запросам на обслуживание,≤8 рабочих часов,Превышение нормы снижает продуктивность пользователей и их удовлетворённость.,Freshworks 2024,Freshworks 2024
8. Управление ИТ-сервисами (ITSM),Показывают качество ИТ-сервисов и скорость реакции на потребности бизнеса.,21. ITSM и сервисный каталог,Финансовый,Стоимость доставки сервиса,Средние полные затраты на предоставление одного сервиса из каталога за отчётный период.,Общие затраты на сервис / Объём предоставления за период,Снижение в динамике,Рост стоимости доставки без улучшения качества — сигнал неэффективности.,Elements Apps 2025,Elements Apps 2025
8. Управление ИТ-сервисами (ITSM),Показывают качество ИТ-сервисов и скорость реакции на потребности бизнеса.,21. ITSM и сервисный каталог,Операционный,Удовлетворённость пользователей ИТ-сервисами,Средняя оценка удовлетворённости пользователей ИТ-сервисами по результатам опросов.,Средний балл по шкале CSAT (1–5 или 1–10) по завершённым запросам,≥4.0 из 5,Снижение CSAT — сигнал о деградации качества сервисов или пользовательского опыта.,Freshworks / SMC Consulting 2025,Freshworks 2024
8. Управление ИТ-сервисами (ITSM),Показывают качество ИТ-сервисов и скорость реакции на потребности бизнеса.,21. ITSM и сервисный каталог,Операционный,Уровень принятия сервисного каталога пользователями,"Доля запросов, поданных через самообслуживание в сервисном каталоге, от всех запросов.",(Запросы через каталог / Все запросы) × 100%,≥60%,"Низкое принятие каталога означает, что пользователи предпочитают неформальные каналы.",Elements Apps / Atlassian 2025,Atlassian 2025
9. Аналитика и данные (BI),"Показывают, насколько аналитика доступна, достоверна и помогает в принятии решений.",22. Бизнес-аналитика и BI,Операционный,Актуальность данных в аналитических отчётах,Максимальная задержка между обновлением данных в источнике и отражением в BI-дашбордах.,T_now − T_last_refresh в BI-системе,Операционные: ≤1 час; стратегические: ≤1 сутки,Устаревшие данные в дашбордах ведут к неверным управленческим решениям.,Multishoring 2025,Multishoring 2025
9. Аналитика и данные (BI),"Показывают, насколько аналитика доступна, достоверна и помогает в принятии решений.",22. Бизнес-аналитика и BI,Операционный,Время подготовки нерегламентированного отчёта,Среднее время от запроса пользователя на нерегламентированный-отчёт до его получения.,Среднее (дата выдачи − дата запроса) по нерегламентированный-запросам,≤2 рабочих дня,Длительное время >5 дней означает перегруженность аналитиков или низкую гибкость BI-платформы.,ThoughtSpot / Multishoring 2025,ThoughtSpot 2026
9. Аналитика и данные (BI),"Показывают, насколько аналитика доступна, достоверна и помогает в принятии решений.",22. Бизнес-аналитика и BI,Операционный,Доля активных пользователей BI-платформы,"Процент сотрудников, регулярно использующих BI-инструменты для принятия решений.",(Активные пользователи BI в месяц / Целевая аудитория) × 100%,≥50%,Низкая доля <30% означает низкое внедрение data-driven культуры в организации.,KPI Depot / ThoughtSpot 2026,ThoughtSpot 2026
9. Аналитика и данные (BI),"Показывают, насколько аналитика доступна, достоверна и помогает в принятии решений.",22. Бизнес-аналитика и BI,Операционный,Доля решений на основе данных,"Процент управленческих решений, подкреплённых аналитическими данными из BI-системы.",Оценка на основе опроса руководителей или трекинга использования дашбордов,≥70%,Снижение показателя означает возврат к принятию решений на основе интуиции.,Multishoring / AssessTeam 2025,Multishoring 2025
9. Аналитика и данные (BI),"Показывают, насколько аналитика доступна, достоверна и помогает в принятии решений.",22. Бизнес-аналитика и BI,Операционный,Доля самостоятельных запросов в BI,"Процент аналитических запросов, выполненных пользователями самостоятельно без участия ИТ.",(Самостоятельные BI-запросы / Все BI-запросы) × 100%,≥60%,Низкий показатель <40% означает зависимость бизнеса от ИТ в получении данных.,ThoughtSpot 2026,ThoughtSpot 2026
9. Аналитика и данные (BI),"Показывают, насколько аналитика доступна, достоверна и помогает в принятии решений.",22. Бизнес-аналитика и BI,Операционный,Охват бизнес-процессов аналитическими дашбордами,"Доля ключевых бизнес-процессов, обеспеченных актуальной аналитической отчётностью в BI-системе.",(Процессы с BI-дашбордом / Ключевые бизнес-процессы) × 100%,≥80%,"Низкий охват означает, что часть решений принимается без данных, на основе интуиции.",ThoughtSpot 2026,ThoughtSpot 2026
9. Аналитика и данные (BI),"Показывают, насколько аналитика доступна, достоверна и помогает в принятии решений.",22. Бизнес-аналитика и BI,Финансовый,Рентабельность инвестиций в аналитическую платформу (ROI),"Финансовая ценность, созданная BI-инструментами, относительно совокупных затрат на платформу.",(Экономия + Прирост дохода от BI-решений − Затраты на BI) / Затраты на BI × 100%,≥200% за 3 года,Низкий ROI BI указывает на недостаточное внедрение или несоответствие платформы задачам.,ThoughtSpot / KPI Depot 2026,ThoughtSpot 2026
9. Аналитика и данные (BI),"Показывают, насколько аналитика доступна, достоверна и помогает в принятии решений.",23. Управление данными (Data Governance),Операционный,Время реагирования на нарушения политик данных,Среднее время от обнаружения нарушения политики управления данными до его устранения.,Среднее (дата устранения − дата обнаружения) по нарушениям,SLA по data steward,Длительное время реагирования повышает риск распространения некачественных данных.,Atlan / Scrut.io 2024,Atlan 2025
9. Аналитика и данные (BI),"Показывают, насколько аналитика доступна, достоверна и помогает в принятии решений.",23. Управление данными (Data Governance),Операционный,Доля классифицированных данных,"Процент данных, прошедших классификацию по уровню конфиденциальности и критичности.",(Классифицированные данные / Все данные) × 100%,≥90%,Неклассифицированные данные не могут быть защищены в соответствии с требованиями безопасности.,Scrut.io 2024,Scrut.io 2024
9. Аналитика и данные (BI),"Показывают, насколько аналитика доступна, достоверна и помогает в принятии решений.",23. Управление данными (Data Governance),Операционный,"Доля пользователей, прошедших обучение по управлению данными","Процент сотрудников, работающих с данными, прошедших обучение по политикам и стандартам DG.",(Сотрудники с обучением DG / Все работающие с данными) × 100%,≥90%,Низкий охват обучением означает высокий риск неумышленных нарушений политик.,Bluent 2026,Bluent 2026
9. Аналитика и данные (BI),"Показывают, насколько аналитика доступна, достоверна и помогает в принятии решений.",23. Управление данными (Data Governance),Операционный,Охват данных назначенными владельцами,"Процент критичных наборов данных, для которых назначен ответственный владелец (Data Owner).",(Активы с владельцем / Все критичные активы) × 100%,≥95%,Данные без владельца — основная причина неконтролируемого качества и нарушений политик.,Atlan / Bluent 2026,Atlan 2025
9. Аналитика и данные (BI),"Показывают, насколько аналитика доступна, достоверна и помогает в принятии решений.",23. Управление данными (Data Governance),Операционный,Охват политиками управления данными,"Доля бизнес-доменов и систем, охваченных утверждёнными политиками управления данными.",(Домены с политиками DG / Все домены) × 100%,≥85%,"Неохваченные домены — зоны риска для качества, безопасности и регуляторного соответствия.",Scrut.io / Atlan 2024,Scrut.io 2024
9. Аналитика и данные (BI),"Показывают, насколько аналитика доступна, достоверна и помогает в принятии решений.",23. Управление данными (Data Governance),Финансовый,Рентабельность инвестиций в управление данными (ROI),"Финансовая ценность программы управления данными: экономия от снижения ошибок, штрафов и ускорения процессов.",(Экономия от DG − Затраты на DG) / Затраты на DG × 100%,≥150% за 3 года,Отрицательный или низкий ROI означает неэффективность программы или слабое спонсорство.,Atlan / Bluent 2026,Atlan 2025
9. Аналитика и данные (BI),"Показывают, насколько аналитика доступна, достоверна и помогает в принятии решений.",23. Управление данными (Data Governance),Операционный,Уровень соответствия регуляторным требованиям к данным,"Доля требований нормативных актов и регуляторов в части данных, выполненных организацией.",(Выполненные требования / Все применимые требования) × 100%,≥95%,"Несоответствие <90% несёт риск штрафов, санкций и репутационных потерь.",Scrut.io / Secureframe 2024,Scrut.io 2024
