дата,канал,ссылка,summary,source_url
2026-06-19T08:54:35+00:00,b1_news,https://t.me/b1_news/3505,"В эфире программы «Что это значит» на РБК-ТВ Илья Сухарников, партнер отдела консультирования в сфере недвижимости, строительства и развития территорий Группы компаний Б1, рассказал о возможных причинах задержек передачи новостроек покупателям.  📎Подробнее смотрите в разделе «Ролики» на нашем сайте, а полная версия эфира уже доступна по ссылке.",https://t.me/b1_news/3505
2026-06-18T14:02:17+00:00,b1_news,https://t.me/b1_news/3504,"Революция ауторсинга: результаты исследования Б1⚡   Б1 совместно с профессором РАНХиГС Дмитрием Стапраном представила исследование, основанное на анализе финансовых показателей 55 тысяч российских компаний с выручкой от 500 млн до 20 млрд руб. за 2018-2025 годы.   📎Среди ключевых выводов:   ▶️Аутсорсинг сегодня выходит далеко за рамки инструмента сокращения затрат и уже является доминирующей моделью организации бизнеса: его доля в российской экономике в среднем составляет 70-80%, а в зависимости от отрасли варьируется от 40 до 90%.   ▶️Компании, использующие аутсорсинг (""чемпионы""), растут быстрее. Среднегодовой рост их выручки составляет около 16% против 10% у компаний, предпочитающих выполнять большинство функций собственными силами (""сделай сам"").   ▶️Передача непрофильных функций внешним подрядчикам позволяет компаниям сосредоточиться на ключевых компетенциях, что положительно влияет на производительность труда и оперативную эффективность.   ❗Выручка на сотрудника у «чемпионов» - 29 миллионов рублей против 5 у «сделай сам»   ▶️«Чемпионы» аутсорсинга демонстрируют более высокие показатели рентабельности капитала и активов (7,6% ROA против 4,4% у «сделай сам»)х, а также эффективнее используют имеющиеся ресурсы.   ▶️Аутсорсинг способствует снижению капиталоемкости бизнеса, компании могут масштабироваться быстрее, не увеличивая пропорционально инвестиции в инфраструктуру и основные средства (доля основных средств в активах 4% против 18% у ""сделай сам"").   Наиболее выраженный положительный эффект от использования аутсорсинга наблюдается в образовании, здравоохранении, электроэнергетике и ЖКХ, транспорте и логистике, консалтинге, сельском хозяйстве и строительстве.   В современных условиях аутсорсинг становится важным фактором формирования устойчивых конкурентных преимуществ, повышения эффективности и ускорения роста бизнеса  Подробнее об отчете, а также о том, как правильно использовать аутсорсинг - смотрите на сайте Б1, а также в материале «Известий» ✅",https://t.me/b1_news/3504
2026-06-18T12:18:04+00:00,b1_news,https://t.me/b1_news/3503,"Бизнес стал чаще сталкиваться с корпоративным мошенничеством внутри компании – Forbes  По итогам 2025 года о таких случаях сообщили 35% предприятий против 28% в 2022-м, свидетельствует исследование «Актион Финансы». Причем доля компаний, которые столкнулись с воровством своих же сотрудников, за три года выросла вдвое. Это связано как с повышением эффективности выявления схем, так и с увеличением рисков, когда бизнес быстро меняет процессы, а контроль не успевает адаптироваться, говорят эксперты.   «Рост доли компаний, столкнувшихся с корпоративным мошенничеством, связан как с улучшением механизмов выявления, так и с объективным увеличением рисков. Компании вынуждены быстро менять процессы, а система контроля не всегда успевает адаптироваться. Дополнительные риски создает появление новых посредников, поставщиков и логистических цепочек, которые многим компаниям в последние годы приходилось выстраивать практически с нуля. Это увеличивает вероятность конфликтов интересов, сговоров и коррупционных схем»,  – пояснил Денис Королёв, партнер Б1 и руководитель отдела Форензик.  📎Подробнее читайте в новом материале Forbes и в разделе «Комментарии» на сайте Б1.",https://t.me/b1_news/3503
2026-06-20T10:29:35+00:00,Axenix_Ru,https://t.me/Axenix_Ru/3334,"Более 20 ИИ-решений созданы в рамках ИИ-хакатона AXENIX!  Сотрудники AXENIX продемонстрировали блестящие навыки разработки ИИ-агентов. Соревнования проходили в 2 этапа: сначала команды придумывали свои идеи по решению реальных рабочих задач с помощью ИИ, а затем 8 лучших боролись за ценные призы в оффлайне.  В финале создание ИИ-агентов на базе Numira велось по четырем направлениям:  ➊ агент для создания презентаций, ускоряющий процесс до 60%; ➋ агент для подготовки коммерческих предложений, позволяющий пройти путь от ТЗ до готового КП за несколько часов; ➌ агент для эффектной визуализации данных и эффективного бизнес-анализа; ➍ агент для сбора информацию о статусе текущих задач, их прогрессе и рискам, способный подготовить отчет за 10 минут и сгенерировать разные версии с учетом ЦА.  Помимо основного задания участники разрабатывали дополнительных ассистентов и создавали MCP-подключения.   🏆Победила команда Никели Норильска! Поздравляем Анну Кириченко, Илью Константинова, Павла Байбуса, Антона Базанова и Василия Павлова — ваше решение покорило жюри из числа руководителей практики Data&AI.  Благодарим всех участников за блестящие идеи и еще раз аплодируем вашей вовлеченности, готовности выходить за рамки своих обязанностей и находить время для развития! Лучшие решения обязательно будут интегрированы в реальные бизнес-процессы AXENIX.  И конечно, нельзя не отметить, что хакатон еще раз подтвердил огромный потенциал Numira для создания ИИ-ассистентов, способных на практике повышать эффективность работы по самым разным направлениям.  Хотите познакомиться с Numira? Заходите на наш сайт, чтобы узнать больше и посмотреть демо!  #AXteam #AXai  🔥 AXENIX: Telegram | MAX | ВК",https://t.me/Axenix_Ru/3334
2026-06-19T16:22:12+00:00,Axenix_Ru,https://t.me/Axenix_Ru/3333,"Благодарим всех, кто присоединился к нам на вебинаре «Как управлять трейд промо и считать эластичность в одной системе»!  Вместе мы обсудили:   🔸 Возможности модуля In.Plan Трейд Промо 🔸 Как рассчитать инкрементальный эффект, P&L промо по клиенту и SKU и оценить реальный вклад акции в бизнес-результат 🔸 Как рассчитать ценовую эластичность на данных клиента, не используя внешние бенчмарки 🔸 Как учесть кросс-эластичность и каннибализацию в период акции 🔸 Какие математические модели используются в модуле Трейд Промо  А также посмотрели демо работы модуля, чтобы узнать, как происходит полный цикл работы с промо в In.Plan — от планирования и расчета прогноза до анализа завершённой акции.  Вы можете посмотреть запись вебинара в нашем посте, в ВК Видео или на сайте AXENIX. А если у вас останутся вопросы, мы всегда будет рады ответить!  Желаем приятного просмотра!  #AX_InPlan  🔥 AXENIX: Telegram | MAX | ВК",https://t.me/Axenix_Ru/3333
2026-06-19T15:14:10+00:00,Axenix_Ru,https://t.me/Axenix_Ru/3332,"🎧 Новый выпуск подкаста «Двое и ритейл»  Покупатели берут воду не только из-за жажды, ИИ-примерочные обещают упростить выбор одежды, а книжные магазины снова ищут новый формат — от мини-точек до кафе и подписок.  Алексей Сидоров и Григорий Акулов разбирают для вас самые свежие новости ритейла!  👉 Полный эпизод доступен здесь: Яндекс Музыка TG-плеер Mave ВК Музыка Apple Podcasts  В этом выпуске: 🔸Почему люди покупают воду, если не хотят пить? Исследование «Кавминвод» 🔸Как Lamoda планирует развивать ИИ-примерку онлайн?  🔸Что стало причиной роста спроса на соленую рыбу, крабовые палочки и рыбные полуфабрикаты? 🔸Какие десерты чаще всего выбирают покупатели «Пятёрочки» и «Перекрёстка»? 🔸За счет чего «Буквоед» хочет покорить рынок Москвы?   🔸Смогут ли книжные кафе, подписки и мини-библиотеки спасти книжные магазины?  Включайте, чтобы быть в курсе!  #AXpodcasts #AXtwo  🔥 AXENIX: Telegram | MAX | ВК",https://t.me/Axenix_Ru/3332
2026-06-19T08:05:06+00:00,Axenix_Ru,https://t.me/Axenix_Ru/3331,"AXENIX на «Неделе Российского Ритейла»  Приглашаем вас на экспертный разговор по трансформации ритейла под влиянием искусственного интеллекта.  📍24 июня, 14:00, Центр Международной торговли, зал «Байкал»  Антон Меркулов, директор практики AI для направления «Потребительские товары и услуги» AXENIX, вместе с приглашенными экспертами и членами «Руссофт» обсудит, как глобальная турбулентность и давление экосистем меняют правила игры для российского ритейла, где искусственный интеллект может дать реальный результат, как не наплодить «зоопарк пилотов» и соблюсти все риски и, главное, как честно измерить успех внедренных ИИ-инициатив.  Ждем вас на сессии «Ритейл-2026: вызовы глобальной неопределенности и трансформация под влиянием ИИ»!  Подробная информация об условиях участия в конференции доступна по ссылке.   Ознакомиться с программой всех выступлений можно здесь.  До встречи!  #AXretail #AXai  🔥 AXENIX: Telegram | MAX | ВК",https://t.me/Axenix_Ru/3331
2026-06-18T16:23:06+00:00,Axenix_Ru,https://t.me/Axenix_Ru/3330,,https://t.me/Axenix_Ru/3330
2026-06-18T16:23:05+00:00,Axenix_Ru,https://t.me/Axenix_Ru/3329,,https://t.me/Axenix_Ru/3329
2026-06-18T16:23:05+00:00,Axenix_Ru,https://t.me/Axenix_Ru/3328,,https://t.me/Axenix_Ru/3328
2026-06-18T16:23:05+00:00,Axenix_Ru,https://t.me/Axenix_Ru/3327,,https://t.me/Axenix_Ru/3327
2026-06-18T16:23:05+00:00,Axenix_Ru,https://t.me/Axenix_Ru/3326,,https://t.me/Axenix_Ru/3326
2026-06-18T16:23:05+00:00,Axenix_Ru,https://t.me/Axenix_Ru/3325,,https://t.me/Axenix_Ru/3325
2026-06-18T16:23:05+00:00,Axenix_Ru,https://t.me/Axenix_Ru/3324,,https://t.me/Axenix_Ru/3324
2026-06-18T16:23:05+00:00,Axenix_Ru,https://t.me/Axenix_Ru/3323,"Разнородность данных в управлении цепочками поставок — это не просто операционная сложность для компании. Для прогнозирования продаж, отслеживания клиентских заказов и учета складских остатков могут использоваться абсолютно разные системы, отличающиеся по степени актуальности и часто несовместимые друг с другом.   В такой ситуации консолидировать данные вручную слишком ресурсозатратно, а планирование на глаз позволяет реагировать только на случившиеся сбои.   Превратить сырые данные в сбалансированный план для всей сети поставок с помощью тактического S&OP и операционного S&OE позволяет платформа интегрированного планирования In.Plan.   Подробнее о том, как работает сквозное планирование для сетей поставок в In.Plan — в наших карточках. А большой обзор читайте в статье Игоря Дикинова, владельца продукта In.Plan Supply Network Planning, и Татьяны Солдатовой, аналитика продукта, на портале «Логирус».    #AX_InPlan  ☑️ Больше информации о платформе ищите в канале @In_Plan  🔥 AXENIX: Telegram | MAX | ВК",https://t.me/Axenix_Ru/3323
2026-06-18T15:14:31+00:00,Axenix_Ru,https://t.me/Axenix_Ru/3322,"Noôdome – это место, где бизнес встречает смысл. В нашем сообществе предприниматели обмениваются опытом и знаниями, причем не только с коллегами, но и с профессионалами из совершенно других сфер.   Иногда они делятся бизнес-советами и с более широкой аудиторией. И сегодня Вартан Диланян, генеральный директор нашего патрона, компании Axenix, рассказывает, почему совпадение с сотрудником по ценностям может быть существенно важнее результата, который этот сотрудник даёт.",https://t.me/Axenix_Ru/3322
2026-06-18T10:15:05+00:00,Axenix_Ru,https://t.me/Axenix_Ru/3321,"Что нужно менять в управлении данными в эпоху ИИ?  Об этом и многом другом Лариса Малькова, управляющий директор практики Data&AI AXENIX, и Олег Гиацинтов, технический директор DIS Group, поговорили в рамках нового эпизода подкаста «Пульс данных».  🅰️ Смотрите в ВК Видео и Rutube 🅰️ Слушайте в Яндекс Музыке и Звуке  Разговор получился интересным и содержательным, эксперты успели обсудить не только продукты и технологии, но и сами подходы к работе с данными.  Из выпуска вы узнаете:  🅰️почему управление данными уступает место управлению знаниями компании; 🅰️как ИИ берет на себя ручную работу по связке технологий и бизнес-смыслов; 🅰️чем ИИ-трансформация похожа на предыдущие волны автоматизации, и почему все упирается в руководителей;  🅰️как на практике выстроить работу ГенИИ с данными так, чтобы им можно было доверять; 🅰️насколько тиражируемы кейсы с ИИ на самом деле.   Завершает разговор рекомендация для команд, столкнувшихся с провальными data- и AI-проектами. Вывод неочевидный — и тем интереснее услышать его аргументацию от ведущих экспертов рынка!  #AXai  🤝 @dis_group_news  🔥 AXENIX: Telegram | MAX | ВК",https://t.me/Axenix_Ru/3321
2026-06-18T08:27:55+00:00,Axenix_Ru,https://t.me/Axenix_Ru/3320,"Коллеги, представляем первый летний выпуск нашего дайджеста для лидеров потребительского рынка!  В июньском выпуске:  🔸говорим о поддержке ERP, CRM, IBP, MES и других бизнес-критичных систем, минусах и плюсах in-house и аутсорс-подходов; 🔸рассматриваем аутсорсинг ИТ-инфраструктуры; 🔸разбираем формат фабрик поддержки и его особенности; 🔸в деталях рассказываем о следующем этапе развития «Честного знака» — партионном учете.  Скачайте этот и другие выпуски на нашем сайте и подпишитесь на рассылку, чтобы не пропустить выход нового номера дайджеста AXENIX!   #AXdigest  🔥 AXENIX: Telegram | MAX | ВК",https://t.me/Axenix_Ru/3320
2026-06-17T20:23:08+00:00,Axenix_Ru,https://t.me/Axenix_Ru/3319,"Делимся видеоверсией выпуска AXENIX Coffee Talks с Анной Бузовой, вице-президентом по закупкам и логистике группы компаний «Логика молока», и Денисом Шульгой, руководителем практики управления цепочками поставок AXENIX.  Если вы хотите знать, кто и как строит цепочки поставок, по которым ежедневно циркулируют молочные продукты между 13 заводами, 27 складами, множеством ферм и десятками тысяч торговых точек, то этот выпуск для вас!  Узнайте как:  00:06:00 Выстроить отношения в команде 00:08:03 Правильно подобрать сотрудников 00:08:47 Развить карьеру в закупках 00:11:14 Стать лучшим в своем деле 00:13:28 Написать книгу о закупках за 1 год 00:16:07 Найти ответы для молодого поколения 00:18:57 Построить логистику с торговыми сетями 00:21:29 Внедрить новых технологии в Supply Chain  00:25:27 Оптимизировать процессы в рамках локализации 00:30:22 Найти лучшие практики сегодня 00:32:37 Эффективно использовать консалтинг в эпоху ИИ 00:36:14 Разделить Run и Change 00:39:02 Прожить каждый рабочий день на позитиве  Смотрите полный выпуск в Телеграм и на других платформах:  Наш сайт >> VK video >> YouTube >>  Остались вопросы? Пишите в комментарии!  #AXscm #CoffeeTalks #AXpodcasts  🔥 AXENIX: Telegram | MAX | ВК",https://t.me/Axenix_Ru/3319
2026-06-17T13:25:09+00:00,Axenix_Ru,https://t.me/Axenix_Ru/3318,Вебинар «Как управлять трейд-промо и считать эластичность в одной системе» стартовал!  Ждем вас в Dion!  Подключайтесь прямо сейчас по ссылке >>  #AXevents #AX_InPlan,https://t.me/Axenix_Ru/3318
2026-06-17T12:05:17+00:00,Axenix_Ru,https://t.me/Axenix_Ru/3317,"Подключайтесь к вебинару! Начинаем в 16:00!  Сегодня поговорим о том, как управлять трейд-промо и считать эластичность в одной системе.  Вы узнаете:  ☑️ Как модуль In.Plan Трейд‑Промо обеспечивает комплексный подход к оптимизации промо‑процесса с помощью прогнозирования спроса ☑️ Как устроена его математика прогноза ☑️ Как платформа считает ценовую эластичность и строит прогноз с учётом промо, сезонности и каннибализации  Наши эксперты продемонстрируют сквозное демо модуля — от планирования промо до анализа завершенной акции — и детально разберут аспекты его работы.  И конечно, мы с удовольствием ответим на любые ваши вопросы!  Подключайтесь по ссылке >>  #AXevents #AX_InPlan  🔥 AXENIX: Telegram | MAX | ВК",https://t.me/Axenix_Ru/3317
2026-06-17T06:02:38+00:00,Axenix_Ru,https://t.me/Axenix_Ru/3316,"AXENIX на «Неделе Российского Ритейла»  📍24 июня в 14:30 будем рады обсудить с вами новые технологии в складской логистике — встречаемся на сессии «Роботизация и системное управление» на форуме «Неделя Российского Ритейла».  Модератором встречи выступит признанный эксперт в SCM и наш коллега Денис Шульга, руководитель практики управления цепочками поставок AXENIX.  Вас ждет интересная дискуссия по следующим темам:  🔸 Ситуация на рынке складов — как меняется рынок складской роботизации, и что ждет отрасль в ближайшее время 🔸 Интеграция роботизации на всех этапах работы склада 🔸 Обзор цифровых технологий, которые окажут наибольшее влияние на склады в будущем 🔸 Расчет окупаемости роботизации склада 🔸 Инновационные проекты и опыт лидеров роботизированных и бережливых складов  Подробная информация об условиях участия в конференции доступна по ссылке.   Ознакомиться с программой всех выступлений можно здесь.  До встречи!  #AXscm  🔥 AXENIX: Telegram | MAX | ВК",https://t.me/Axenix_Ru/3316
2026-06-16T09:31:29+00:00,Axenix_Ru,https://t.me/Axenix_Ru/3315,"Легкий переход с legacy-систем в Smartax  Smartax — интеллектуальная СППР-платформа от AXENIX, которая помогает организациям принимать решения на основе детального анализа данных.   Для облегчения перехода с legacy-систем в Smartax реализован быстрый перенос кода стратегий, бизнес-правил и других объектов. На работу, которая обычно занимает у пользователя часы, а иногда и дни, уходит меньше минуты.  Пример работы с транслятором кода стратегий смотрите на видео.   Подробнее о возможностях платформы читайте на сайте продукта >>  #Smartax  🔥 AXENIX: Telegram | MAX | ВК",https://t.me/Axenix_Ru/3315
2026-06-16T07:29:01+00:00,Axenix_Ru,https://t.me/Axenix_Ru/3314,,https://t.me/Axenix_Ru/3314
2026-06-16T07:29:01+00:00,Axenix_Ru,https://t.me/Axenix_Ru/3313,,https://t.me/Axenix_Ru/3313
2026-06-16T07:29:01+00:00,Axenix_Ru,https://t.me/Axenix_Ru/3312,,https://t.me/Axenix_Ru/3312
2026-06-16T07:29:01+00:00,Axenix_Ru,https://t.me/Axenix_Ru/3311,,https://t.me/Axenix_Ru/3311
2026-06-16T07:29:01+00:00,Axenix_Ru,https://t.me/Axenix_Ru/3310,,https://t.me/Axenix_Ru/3310
2026-06-16T07:29:01+00:00,Axenix_Ru,https://t.me/Axenix_Ru/3309,,https://t.me/Axenix_Ru/3309
2026-06-16T07:29:01+00:00,Axenix_Ru,https://t.me/Axenix_Ru/3308,,https://t.me/Axenix_Ru/3308
2026-06-16T07:29:01+00:00,Axenix_Ru,https://t.me/Axenix_Ru/3307,,https://t.me/Axenix_Ru/3307
2026-06-16T07:29:01+00:00,Axenix_Ru,https://t.me/Axenix_Ru/3306,"Постоянная потребность в квалифицированных ИТ-специалистах является ключевым вызовом практически для любого крупного бизнеса. Вы можете тратить на это время и силы или просто доверить решение экспертам AXENIX!  Наши специалисты глубоко погружены в специфику ИТ-разработки и поэтому смогут быстро найти для вас нужные кадры. Мы возьмем на себя самые сложные задачи — подбор руководителей, формирование ИТ-команд, оптимизацию рекрутинговых процессов и даже проведение исследований рынка.  Работа с лидерами различных отраслей в течение 30 лет — от банков до FMCG, фармы и металлургических предприятий — позволяет нам быть в курсе всех индустриальных тенденций и учитывать их в работе.  Подробнее о возможностях AXENIX в области ИТ-рекрутмента и преимуществах сотрудничества с нами — рассказываем на карточках.  За профессиональной индивидуальной консультацией обращайтесь к нам через форму на сайте.  #AXhr  🔥 AXENIX: Telegram | MAX | ВК",https://t.me/Axenix_Ru/3306
2026-06-16T06:05:05+00:00,Axenix_Ru,https://t.me/Axenix_Ru/3305,"Что определяет эффективность цепочек поставок в CPG сегодня: технологии, процессы или люди?   В новом выпуске AXENIX Coffee Talks Денис Шульга, руководитель практики управления цепочками поставок AXENIX, поговорил с Анной Бузовой, вице-президентом по закупкам и логистике группы компаний «Логика молока», об управлении одной из самых сложных логистических систем — поставками скоропортящейся продукции и ингредиентов для производства на 13 заводов.  Эксперты обсудили:  🔸 автоматизацию и математическую оптимизацию в Supply Chain; 🔸 построение отношений с торговыми сетями; 🔸 новые подходы к работе с поставщиками и управлению рисками; 🔸 трансформацию консалтинга в эпоху ИИ; 🔸 лидерство, развитие команд и карьерные траектории в закупках и логистике.  Аудиоверсия выпуска уже доступна здесь:  🔥 Яндекс Музыка >> 🔥 Apple Podcasts >> 🔥 ВК Музыка >> 🔥 Telegram-плеер >>  Желаем приятного прослушивания и ждем ваших комментариев!  #AXpodcasts #CoffeeTalks #AXscm  🔥 AXENIX: Telegram | MAX | ВК",https://t.me/Axenix_Ru/3305
2026-06-15T18:47:05+00:00,Axenix_Ru,https://t.me/Axenix_Ru/3304,,https://t.me/Axenix_Ru/3304
2026-06-15T18:47:05+00:00,Axenix_Ru,https://t.me/Axenix_Ru/3303,,https://t.me/Axenix_Ru/3303
2026-06-15T18:47:05+00:00,Axenix_Ru,https://t.me/Axenix_Ru/3302,,https://t.me/Axenix_Ru/3302
2026-06-15T18:47:05+00:00,Axenix_Ru,https://t.me/Axenix_Ru/3301,"Во внедрении новых цифровых технологий в российской промышленности много общего. И в случае с искусственным интеллектом, и в случае с роботизацией бизнес выбирает узкоспециализированные решения с понятным экономическим эффектом. То же касается и развития ERP и MES – рынок фокусируется не на разработке и внедрении принципиально новых монолитных платформ, а переходит к наборам прикладных решений, интегрированных поверх ERP.  С чем это связано, и как ситуация будет развиваться дальше, рассуждает Виктор Трапицын, руководитель направления управления производством AXENIX.  Читайте на карточках и делитесь своим мнением в комментариях!  #AXres  🔥 AXENIX: Telegram | MAX | ВК",https://t.me/Axenix_Ru/3301
